Vehicle Plate,Vehicle Type,Speed (km/h),Distance (km),Load Weight (tons),Fuel Consumption (L/100km),Traffic Congestion
V001,Coupe,125.92709694901674,117.3753048819497,1.1359809886522707,17.224993811772958,Low
V002,Hybrid,82.43431805880391,46.60937029942272,1.3644325402502198,9.247005324679991,High
V003,Saloon,75.44784027814316,226.2043859749224,1.9015505221535223,14.40454810325421,Medium
V004,Hybrid,67.05036228424792,37.17713100178126,1.977261798443502,10.872286605121538,Medium
V005,Hybrid,47.47976087219601,231.00205182816936,1.8048445430931923,8.631866399882504,High
V006,Truck,69.56377178724647,379.3018927090912,10.547616388220312,25.027958624688516,High
V007,Saloon,98.17120691588069,21.296966441288802,1.0002487575367163,10.185349548727547,High
V008,Saloon,82.24373617627538,277.55957259557294,1.0195189915489418,9.775625615169822,Low
V009,Saloon,94.25007488658491,146.621023449146,0.8369072344099729,10.619516129061548,Medium
V010,Hybrid,48.45142122278799,52.332876761493594,1.2475516591092197,7.932478146531835,High
V011,Coupe,124.890754064086,78.85484083216029,0.9967060203336522,14.322642879195303,Medium
V012,Saloon,50.78566739530002,205.79046416467895,0.7670539503046272,14.68856253975564,Low
V013,Hybrid,48.91976366518678,109.50978969448569,0.6280245021179658,11.978119762921631,Low
V014,Truck,65.10975051656213,516.7695121240306,10.670764773884274,31.249407055987668,Low
V015,Coupe,82.59433558573514,180.63031499373562,0.5461675685784086,9.906877206636665,Low
V016,Truck,41.827483392404744,430.4468615769995,15.648411332626164,20.985629591425287,Medium
V017,Coupe,116.53165700170064,96.12487860212525,0.929268323193096,12.40762746938228,Low
V018,Hybrid,64.04578365251956,144.3136795139723,0.7328603688960688,6.273496913466898,Low
V019,SUV,111.70713726081104,475.75195796013475,2.806582606979135,12.707446731435539,High
V020,Coupe,108.63997259434095,87.65949250863832,0.3304636267924138,9.561525973661904,Low
V021,Truck,75.79861144236988,561.2467593371059,10.270959925034834,23.329582428994243,High
V022,Hybrid,53.86448779528428,171.2542584636948,0.5295658066315463,5.728760073892017,Low
V023,Coupe,117.99496512239136,43.92348579032338,1.0832953294222496,10.381827810467264,Low
V024,SUV,65.96648356556071,159.42748594975433,4.027934261494807,18.55696468106286,High
V025,SUV,109.8131918740195,228.73258832830467,3.8382979779972617,12.04984295415821,Low
V026,Saloon,67.5888638156608,270.97402918591354,0.5195028852661041,7.684068246835745,Medium
V027,Saloon,62.47317530876164,27.42901708466952,0.772153152634696,11.664332487757537,Medium
V028,Truck,61.0712275296249,724.8701977538824,18.17443561738441,25.12726027546814,Low
V029,Coupe,85.56540600587755,82.1415575517807,1.0083539310177692,10.680636408228763,Medium
V030,Coupe,107.44893447094805,87.78821391633568,0.9624566170223763,12.361265291353167,High
V031,Saloon,67.66794557251507,285.56692594940387,1.6454086912396413,8.12090540613162,Low
V032,Coupe,122.10807855387478,102.6119276674076,1.3734626722729097,15.998552559473152,Low
V033,Coupe,95.512810268154,14.269168580822306,0.6224128312619353,13.41634214660867,High
V034,SUV,98.00869318956885,166.04945844494102,1.9877462592548845,18.34930236799299,High
V035,Saloon,109.06413084221313,167.19325104475203,0.7575189287724553,9.178458612154952,High
V036,Hybrid,41.103440592848,229.43171357451976,0.6766266243352117,9.035615328599775,Low
V037,Saloon,66.44331324123236,175.16984070442214,1.4771305825277963,13.637934429657612,High
V038,Hybrid,52.3852763056362,12.638998878035315,0.7053284451032109,11.300130492936736,High
V039,SUV,112.43340465375091,318.8358959766387,3.601809011517787,16.650366745462556,Medium
V040,Truck,48.76856393117248,740.0883621474718,14.187705248920732,25.747077923742463,Medium
V041,Coupe,101.13506231697025,18.92353368726046,0.4995400425072953,15.380336164263705,Low
V042,SUV,64.96792007550759,321.4184492598747,2.3587218838846233,13.892956140419766,Medium
V043,Coupe,87.32162420624199,77.57781612834033,1.1628550862210945,10.97121715623175,Medium
V044,Truck,68.32023201484486,433.2352815393698,16.63671165362648,34.05244608987137,High
V045,Truck,76.62860486051252,250.45826501352974,10.311831350612847,23.933960664497377,High
V046,SUV,95.70467584201529,73.14161606791265,3.237281865204327,15.968428489168893,Medium
V047,Truck,56.712194540848046,639.6385426220753,11.065982531337719,21.127066726037132,Medium
V048,Hybrid,83.6913253722162,128.91791588948763,1.5326035946416041,8.043791370226224,Medium
V049,Truck,52.32010166195534,673.3716223719398,17.99415878968979,30.4204470628164,Low
V050,Coupe,86.32870823379776,122.14382670512654,0.7331686763280321,8.915820733266342,Low
V051,Coupe,125.03881452773456,35.99553987460267,1.4402848245849629,12.460057729579557,Low
V052,Coupe,81.10797573031718,112.96118000188805,1.34753500305169,15.322248864095613,Medium
V053,Coupe,118.39366887168698,135.16883967503628,1.130731877421423,16.491956515653193,Medium
V054,Hybrid,54.98008053155115,127.46199127435372,0.8318141627294033,11.913676055976529,Low
V055,Saloon,106.64356038119679,31.03950718318165,1.5583627587735327,14.401986539325327,Low
V056,SUV,70.83452070764001,305.57535374868326,4.704209041558146,10.339459785857988,Medium
V057,Coupe,111.84521603481039,66.49631140078465,1.4092754344518366,17.71058245165368,High
V058,Truck,87.2133244556717,431.94995166022466,18.620426509893136,32.668240978026056,Low
V059,Coupe,89.14602839459533,167.4939400886287,0.34440916165859115,13.96269878482053,Medium
V060,Truck,51.50044186438515,184.39682004409516,10.769532016292091,30.444331638172095,Medium
V061,Truck,56.9937481884033,607.336740070133,10.653563407989424,24.729355067459153,High
V062,Coupe,102.36947754252023,160.23740131940306,0.6825030035184838,14.25891376437009,Medium
V063,Hybrid,93.15866489417124,157.8071651637531,0.8494392121304506,5.1708054708957665,Medium
V064,Truck,83.50494369504649,114.88858759527099,18.747016726841995,27.934057010408182,Low
V065,Truck,86.95338492564481,659.1482650415658,19.979341105333376,25.260677231775652,Low
V066,Coupe,116.0312973358676,86.36687358575601,0.8758507443646906,14.2750546321837,High
V067,Truck,83.68385570931693,788.8584284395066,17.68273413864518,26.266501732510008,High
V068,Truck,61.06785011385351,616.3076111122241,12.387771457683023,21.65711169697092,Medium
V069,Coupe,91.27732945844659,64.57540841427553,0.6555697445471881,10.336077510499099,Low
V070,Coupe,72.52559137818172,13.396047599348623,1.485266867683238,12.277731337358624,High
V071,SUV,83.05959882958089,355.84127721188145,2.2638886075277247,19.499611839502254,High
V072,Hybrid,87.18070086493313,31.458640554942285,1.1263711636773925,11.153828152935153,High
V073,Hybrid,96.68392133748462,122.17636269996873,1.4201170838160615,6.169237622644527,Medium
V074,Truck,89.55843130684883,262.17019096841034,19.427317741351256,29.74469973488553,Low
V075,Hybrid,76.46420769273155,133.04524264396207,0.8460047175766381,6.235696224038557,High
V076,Truck,51.02431045350877,230.50678350097817,17.795844735667533,25.25187888750095,Low
V077,SUV,63.47056059380378,486.0961835633651,4.5932505973719895,19.27752283195213,High
V078,Coupe,129.6944693587861,43.040097351702585,0.7754904226831905,15.582384757040913,High
V079,Coupe,111.76123708322754,39.24022220457246,1.2789997499887413,10.244405718366608,Low
V080,Coupe,83.42905688935738,112.02514034974858,1.0115279218100437,13.800862078378112,Low
V081,Hybrid,45.489210243865294,220.59060703129128,0.8984000638830592,5.906604448979629,Low
V082,SUV,113.32488479213863,480.043174203389,4.517446660429077,18.09516074724878,Medium
V083,Hybrid,79.3145188383413,142.20576894619344,0.6304801398671152,7.859172491494891,High
V084,Hybrid,62.36131102073884,72.3409081024783,1.5851301705328775,8.471130145551395,Medium
V085,SUV,64.86277295445888,149.08244087741508,3.8914056728085855,10.761308594903001,Low
V086,SUV,111.07241484292612,272.81593715628844,3.1820530206432682,15.924077846595175,High
V087,SUV,109.48085795550895,206.51414355598686,3.8730565339567224,15.657319639957912,Medium
V088,SUV,76.02169621016529,445.3834938598211,4.290991075624248,16.584518346584254,High
V089,Coupe,121.03490374565452,174.78589818236244,1.1500355720580417,16.37013328363672,Medium
V090,Saloon,91.84828770015702,210.4394160928841,1.4279170673227766,13.02173311646113,Low
V091,Saloon,59.51630631758442,266.64381257569994,1.807765291617848,7.233978264276473,Medium
V092,SUV,109.54900503388576,107.99144036305034,2.6729159899069965,17.43508256291608,High
V093,Saloon,59.64559376289849,249.03076675333742,1.748201266936613,11.05974187008669,High
V094,Saloon,50.383152303010014,100.37067728897557,1.4253903775636134,14.849489424219389,High
V095,SUV,97.9088116210001,166.91161147887192,3.7190199608486396,15.399853797158555,High
V096,Saloon,96.79072370906862,49.95457887154835,1.641541853753042,11.330132629408883,Low
V097,Hybrid,97.77952023153968,92.04931984928466,1.4489328397009222,11.524196738570122,Medium
V098,Truck,45.12548639953396,756.0599410655158,16.878857223008133,21.01755588657758,Low
V099,Truck,55.04817834734081,595.720462051697,10.673506014687717,28.7325569026441,Low
V100,SUV,80.7529834171774,329.4119829953647,1.660097118343795,18.715368061523762,Low
V101,Coupe,128.4093381506438,194.0867925042814,1.1995821980915096,9.30086240130632,High
V102,SUV,105.49579175574135,61.06411240646068,1.5774324303514904,13.236102191495412,High
V103,Coupe,99.31859142427994,156.3774093834807,1.1199544519278062,12.459027063767483,High
V104,Truck,53.68133331408329,797.9871501103978,14.261813022359728,26.770805364945133,Medium
V105,SUV,69.81742927150015,407.66429693746824,3.9278877902352103,12.207696127887605,High
V106,Hybrid,44.94286273695056,173.31983249793115,1.4817668214217028,6.912816688987466,Medium
V107,Saloon,107.05181373502462,62.29620969865206,1.1485022015639028,14.548927361340791,High
V108,Coupe,95.18363901556734,131.31993005617625,0.7771132775553531,10.7421520234867,High
V109,Saloon,109.0386588775897,134.61352176821205,1.8411488055187015,8.83963684712869,Low
V110,Saloon,62.786282241505,28.71754320766318,1.4775002380638276,9.94821074979009,Low
V111,SUV,111.86149499037822,262.9444580112007,4.888676997701526,11.85525515703121,Low
V112,Saloon,102.11739007733664,237.4471187816877,1.656382766966078,13.758265824935101,Medium
V113,Hybrid,85.66143945657993,160.2928771915397,0.6968673165235814,5.227683256438763,Medium
V114,Saloon,105.2508708689412,192.66208806580664,1.6948059364642645,10.852178812100401,High
V115,SUV,67.03849133774366,106.33360649114769,3.8994785053013996,14.303058948994627,Medium
V116,Hybrid,52.0314836020202,127.98269121794485,0.5963134056127011,9.073799813400791,High
V117,Truck,53.449670221754886,658.2913704460317,13.103619589235738,26.828302236227017,Medium
V118,Saloon,50.697232394486036,40.28512858247649,1.0887403346100273,10.839510677736989,Medium
V119,SUV,96.00123288715822,181.24816041918646,3.932436601442899,18.601223971892047,Medium
V120,Truck,78.99254944466749,127.73317774385,14.805069472578289,21.573952676272622,Low
V121,Truck,52.10225079312637,790.6638152870025,11.424955429015132,27.483322301770343,Medium
V122,Coupe,107.08934405908715,143.46834440337975,0.971578420184297,8.097708474191837,Low
V123,Hybrid,59.58767849463951,134.25079441233075,0.63179974871725,7.454388518464265,Low
V124,Saloon,51.99218652748199,42.00197920340581,1.0953849143023942,8.061726032344483,Medium
V125,SUV,94.05245089569348,360.2592361117696,4.30205344688179,12.0015024424481,High
V126,Coupe,80.04895493554419,29.867889663536047,1.063716299452364,15.064757264869012,High
V127,Hybrid,41.89516868953852,234.69093909848556,0.5779569254772086,8.789074347107494,High
V128,Coupe,112.54363116705498,175.48413351175626,1.1569043185589134,16.01728083069792,Medium
V129,Hybrid,60.367011552568364,205.55802729916294,0.6201722695770127,11.263716592423695,High
V130,Hybrid,72.85554256922418,206.1514647909985,1.1784774267774503,9.505043866375676,Low
V131,Saloon,81.58415965616679,224.84506609149292,0.6224449730458843,7.48281667192451,High
V132,Hybrid,54.82619404060878,48.2907232271652,1.8076753498883025,6.53449791150631,Medium
V133,Coupe,128.55191534914786,74.0102004365103,0.5185414988264392,15.89698507142479,High
V134,Hybrid,79.52246653005257,129.56697194875335,1.3330453264064468,10.034412447905847,Low
V135,Saloon,63.70728447987793,298.97349649588773,1.9621897432201747,12.202605490775495,Medium
V136,Saloon,61.972547055748706,210.46390788076158,0.6082976134687638,7.2452200176464485,High
V137,Coupe,85.46097331067281,97.8983617804701,1.3419270064900566,15.27169069766308,Medium
V138,Truck,77.13532605999904,397.84533411365277,13.45934992546963,25.56558144476904,Medium
V139,Truck,89.3824781868029,128.07643398873773,18.670314961224484,28.6801311285859,Medium
V140,Hybrid,66.31692515137543,184.06183849963276,1.2300034121370542,11.113962666571624,High
V141,SUV,114.04211184067552,239.77441709305495,2.4688972903226807,15.923503285933622,Medium
V142,Hybrid,94.74180073700145,60.55892536135998,1.4344498753452242,9.420921540647644,High
V143,Coupe,113.98678134491686,34.997860174179365,1.1589899576185063,17.09032520665641,Low
V144,Coupe,80.78098653221451,55.133231735536754,1.4656741128499675,9.809769527094897,High
V145,Coupe,121.26310560217475,103.53279272512661,0.5966772892838124,16.707499012725116,Low
V146,Coupe,96.71831530015993,107.81529724664114,0.7310800432797189,13.929508514349275,High
V147,Coupe,79.81143235510137,84.30549196383454,1.463294786802345,10.581334327011275,Medium
V148,Saloon,89.40419987247753,111.05321798291456,1.660209688529901,8.046989285746799,High
V149,Truck,88.49105225392724,417.6526789685475,12.36050463346464,21.10245120995019,Medium
V150,Coupe,80.18547430525244,108.75705022564335,0.7044038117175435,16.288833658826093,Low
V151,SUV,85.85325141970836,161.92142266443346,3.660007453114105,17.067772168854457,High
V152,SUV,70.02251447405699,125.42864732974294,1.6283499942674005,17.364020150656405,Medium
V153,SUV,99.8282716573083,263.58389408741624,4.45459657139219,18.056701529500533,Low
V154,SUV,95.12126186380513,440.72207623096637,2.2204442351286886,11.11919619397728,Low
V155,Saloon,66.18497669101937,35.98431970500816,1.296754292001548,14.492845538359692,High
V156,SUV,62.36061244011058,104.94946130451206,3.0826965989920234,19.33875017527905,Low
V157,Coupe,88.96936629860502,106.37461365079456,0.3498874308604705,9.483432009620888,Medium
V158,Hybrid,99.19780737753081,241.62848714465093,0.5074099714016145,11.662682497962674,Low
V159,SUV,98.34719626893002,440.56323253400996,3.091589494718507,15.155960285792503,Low
V160,Saloon,79.3307948154152,206.72199211290922,0.7094768821344694,7.239788718981424,Medium
V161,Saloon,68.47579649547146,217.31061356626108,0.8027801781844226,12.387459466599338,Low
V162,SUV,118.19472276643623,92.25532210523826,3.854107413787942,14.437502193045711,Low
V163,Hybrid,92.08853526265032,52.51594946737262,1.5389389283392467,10.866807027536773,Low
V164,SUV,116.6768531684414,357.4616127303406,3.2401116740294955,16.17847240201214,Low
V165,Saloon,102.1342990687231,179.77072905887232,0.5455805895452552,14.447589564055821,Medium
V166,Truck,74.47633755157806,573.5593700440726,12.15675152397717,29.883282053489857,Low
V167,Coupe,93.63186433924952,133.73426563788348,0.42791163636958884,14.578453046030361,Medium
V168,Saloon,109.96482354623998,33.49937088095569,1.965761276331976,10.255263685782964,Low
V169,SUV,112.24520702023554,402.07346782622307,3.4845569134533374,17.384492092513266,Low
V170,Coupe,122.71093367808086,86.78666111369627,0.6924397938758864,14.675933855635847,Low
V171,SUV,108.47075651647552,393.0283106494771,4.292347771005221,14.35583314812933,Low
V172,SUV,109.0700529705013,104.09407491677379,3.4057118428629733,10.057586604981216,Medium
V173,Truck,56.22929149501351,356.5230744099785,13.961726916092553,30.432008100347932,Medium
V174,Coupe,93.31348607622074,95.25178829828083,0.5850529570491929,11.7325179162934,Medium
V175,Coupe,83.6361776357891,23.907225516004292,1.0241383120576535,14.682127985550164,High
V176,Truck,70.97451730048073,424.44583066040065,13.797857801792297,32.95000474357738,Low
V177,Saloon,81.14490710817309,154.17092573632468,0.5384630987096535,9.72998262100925,Low
V178,SUV,82.81173712715142,229.47025140360523,3.530603292295663,15.336025467268785,Medium
V179,Hybrid,76.47430556760668,193.5719827701108,1.7194786080741402,10.02686153358546,High
V180,SUV,117.33142175729608,58.204662204362734,2.1852229498924114,10.075628749781421,Low
V181,SUV,98.84848284927618,454.1137470274941,2.3521880380170472,19.270345447963066,Medium
V182,Saloon,53.61604341737365,281.642087505544,1.0274340308594516,7.811366627593732,Low
V183,SUV,89.15230555117954,165.54945547422858,2.49705515686673,13.072899649262865,Low
V184,Truck,80.15129489163317,477.41289367267814,13.113076991560035,29.155006749663777,Medium
V185,Truck,75.80753371115968,290.83680051347363,14.135491015253514,21.828291400054212,Medium
V186,Coupe,80.86896097208081,139.41239225334672,0.5177260172347523,13.251633836670601,Low
V187,Hybrid,82.54277570334597,35.65046154273852,1.3509683294433552,6.795939485909546,Low
V188,SUV,117.77561251425479,267.5955410239661,4.320973924213053,15.502265421562617,Medium
V189,SUV,62.60475197128915,334.91811901731006,4.8299116977233,16.016118201463314,Low
V190,Saloon,99.15133156560742,267.57780973755416,0.8421196579233987,8.696358719265813,Low
V191,Truck,70.54904944254959,387.7199288646933,18.398613028667203,33.50034685097017,Medium
V192,Hybrid,61.20528275816309,66.84893415387569,1.6707882728657928,6.923642248836953,Low
V193,Coupe,119.3568591108207,90.51026819326493,1.1010598791497646,8.955353138346682,Low
V194,Truck,71.19296623382866,416.2373751160604,15.866084631754742,22.52021311617295,High
V195,Coupe,114.21242469665093,173.93144473321343,0.5600877601089307,8.957145555201617,Medium
V196,Saloon,51.41831516278018,199.7520201241145,1.410641054133171,11.37357930171256,High
V197,Saloon,63.916825766958524,129.4536788535441,1.3917145027792595,10.974134870873355,High
V198,SUV,119.26713121289325,111.39788865052991,3.9330059391665784,14.043187681042921,High
V199,Hybrid,65.69197689553688,182.2234637579623,1.5386542269865544,11.938791955915319,Low
V200,Coupe,77.70365736724752,29.780833382991602,1.1692065805544893,13.78386917006409,Low
V201,Truck,53.70803332799029,155.59355829229062,10.856582495964306,33.41286311996177,High
V202,Saloon,61.512039483124575,110.54403739234581,0.8399846033404821,9.8399704466555,High
V203,SUV,64.1654305647656,283.57690590872164,1.736643972572752,18.003565078223616,High
V204,SUV,74.02272491462598,293.00536157202976,4.580276806465104,16.50877369047194,Low
V205,Coupe,101.97746719308012,71.62341309192136,0.6996022956698376,14.6948695519819,High
V206,Saloon,109.64836167327005,205.31497315782602,1.3366751260550374,12.84520408191397,High
V207,Hybrid,67.91233673702308,24.43416222418845,1.3434452238168646,11.703376991537661,Medium
V208,Saloon,60.51817654145958,213.2013694297864,0.8014005329885847,11.28662147578465,Medium
V209,Coupe,75.80058697880318,95.57047788905518,1.2073959946742951,11.475715242389821,Low
V210,Coupe,109.89470346923308,161.13549255004855,1.4126133833753431,10.346420818554535,Medium
V211,Saloon,73.95895494855849,62.67648373251688,1.9887252532375628,14.416007743394363,Medium
V212,Coupe,102.39742781683358,169.98632593152004,0.9251495727264505,14.235856880027598,Medium
V213,Saloon,55.34746592696099,231.47571773910622,0.6915702254528522,13.608541042020228,Low
V214,Truck,79.1014043835193,596.1212884200835,10.361603805247622,24.54692533917993,Medium
V215,Saloon,65.78675419465057,120.83819409202535,0.6314641201457578,14.495662584248503,Low
V216,Saloon,83.22813444274257,105.54680698424659,1.0954722756114252,10.577620324038685,High
V217,Coupe,106.03566000163704,107.97909126233458,1.4032703678573009,12.969634829058302,Medium
V218,Coupe,129.52948088939877,171.77074197156819,0.5502126172288029,17.30595214643916,Low
V219,SUV,66.98198387312857,417.85236882103624,2.8321815271680304,18.779743204450696,Medium
V220,SUV,112.08340140644702,412.6664300529295,4.265106527074715,13.046791390980408,High
V221,Truck,44.04596415256261,382.08612513561303,11.735245149865086,30.424266333536927,Low
V222,SUV,80.76598359226713,489.0245903869617,3.7434022707086623,18.22480563634361,Low
V223,Saloon,57.95148036451091,261.3640550363343,1.8841357857700916,10.896495350551486,Low
V224,Coupe,106.37517626505866,155.31386217156913,0.5098063527124951,13.025660764634424,High
V225,SUV,83.91978166633879,115.8682964730121,2.78637047802036,10.681723093854936,High
V226,SUV,61.54871441696922,110.82483011967025,4.870902890562109,15.49529535895017,High
V227,Truck,88.291108057661,402.7485148310924,13.118161330852596,27.59212794260366,Low
V228,Truck,61.9755844316455,173.96527898322074,16.408263146902062,23.240572737643994,High
V229,Saloon,87.17527729386978,202.05630587148295,0.7280372796929722,7.490797016885345,Medium
V230,Coupe,116.84569516410639,97.36208051617083,0.3697965546065709,17.94866317169767,High
V231,Truck,42.88902804981833,586.5246602009872,19.836789252634134,23.587701563238884,Low
V232,SUV,68.53496212123177,104.62322274009301,2.5614630164865844,11.010458110106466,Medium
V233,Coupe,111.52968050164792,21.835441644711914,0.9113065537797476,17.96696853852977,High
V234,Coupe,118.83821617036114,126.89169326389207,0.667504344943934,14.238958362916385,Medium
V235,SUV,91.6224878346991,241.73752275066715,1.957486318590698,18.866042152404667,Medium
V236,Truck,62.48923244106612,236.23575827453556,13.677593508772896,26.211946287933905,Low
V237,SUV,109.65227373401245,380.1264712526309,4.19256712774469,10.110312644286472,Medium
V238,Coupe,94.96923989078569,101.45538881071148,0.32303073218766803,10.598132087450342,Medium
V239,Hybrid,85.6173893873281,42.906329374959775,1.3029651971788874,6.5064131041206625,Low
V240,Hybrid,40.727246478633596,67.88834982388995,1.9638106323650808,10.610759783180928,Low
V241,Saloon,107.574598659262,156.5991322993815,0.6646042980162552,11.383675911789544,Low
V242,SUV,87.26264007359765,429.9606872328272,1.8432890327448561,14.882411370217781,Medium
V243,SUV,69.00291988163906,196.10416710052698,4.080749770857299,14.760181293687666,Medium
V244,Saloon,72.55329710874616,130.4533579996099,1.18917015260898,13.280132350696455,Medium
V245,Saloon,103.52508133641406,287.49371222109994,1.6803550793829427,9.523255165984102,Low
V246,Saloon,91.28808236519254,142.52887473550973,0.8820059330690768,13.726972635407382,High
V247,Coupe,72.3055809377395,181.33477850573047,0.8537729575496809,14.372014768082805,Medium
V248,SUV,99.56123533234697,452.80298331794137,3.7283438875852255,16.13933584760062,High
V249,Coupe,73.9991224336414,108.49752416958877,0.48020280098045,15.374337687214856,Low
V250,Saloon,80.73331524876048,210.46377817833894,0.5625093509035763,7.678336128366426,Medium
V251,SUV,102.97940328376094,82.43795119940302,1.749398547178405,10.121084752348875,High
V252,Coupe,127.39008389796881,150.12658829721133,0.723901690202477,10.965355812876552,Medium
V253,Coupe,90.98219378475098,157.18417092442456,1.0936447332844972,9.85195567867468,Medium
V254,Saloon,60.44656012004506,47.550781919751245,1.4904540795520071,13.114981297773888,Medium
V255,SUV,75.90278569950024,59.42523246391077,1.7876008361674958,19.678600348450303,High
V256,Saloon,67.72668664864521,235.3824813946774,1.4369953532813957,10.055517117223168,Low
V257,SUV,72.3412357317333,104.62388817173289,3.652545388136033,17.74633780637788,Medium
V258,Hybrid,78.63425521246785,137.272511979798,0.5629268351474543,11.779421443160686,Low
V259,Truck,79.93570958272872,304.9754256906753,19.799703293588507,29.028223844544833,Low
V260,Truck,69.12113291036232,623.6512256006724,18.117697880901375,29.84717910997254,High
V261,Truck,46.40478731831,336.78725419614887,19.280836403260498,23.36923417765778,High
V262,Saloon,72.3300214302508,140.98152722437487,1.1591074845416782,11.903516659956203,Low
V263,Hybrid,96.58455026468246,67.76625083980119,0.6822520644513771,6.382293429019561,Medium
V264,SUV,113.21549401255618,340.6148656948427,2.5006737623370605,18.159469389686173,High
V265,Coupe,121.68219978180616,170.83772435115281,1.4027118403674654,10.522410201733615,Medium
V266,SUV,105.3025157247767,257.242773773363,4.446994935115216,17.284906771616132,Medium
V267,Coupe,116.58684678998347,134.67074915940358,0.5129145233636483,13.450269188969383,Medium
V268,SUV,119.0801843714705,471.8246299237035,1.6511080752895408,11.648148157294372,Low
V269,Hybrid,47.903726407273716,184.23517839647093,1.7266779947854176,6.494579564174703,Medium
V270,Coupe,100.35116157710974,169.733575322128,1.1793618537195008,13.422372054918483,Low
V271,Saloon,85.42086142752638,162.3409531365584,0.9463226769782309,11.520175942872129,Low
V272,SUV,101.33311812300545,442.99531213736344,3.7270197389273685,17.61121537043158,Medium
V273,SUV,69.60429809727438,257.70086348890544,1.5326606693948266,12.46678864521623,Medium
V274,Coupe,113.5877029067803,198.44389075637906,0.41901371950465904,12.014943158612883,Medium
V275,Saloon,98.00425812194956,77.12997769609169,1.3326274239534293,12.864570368237398,Medium
V276,Saloon,86.95912701561073,72.64692569231651,1.0330768530286092,13.270334275883178,Low
V277,Hybrid,73.253590847921,11.255107250299057,1.6414861400421408,5.2471794845816735,Medium
V278,Saloon,94.74402696387392,76.69455684626647,1.9371102201790702,9.943526010416676,Medium
V279,Saloon,69.61589698028475,61.68865409308451,0.9584063232353224,14.013206094625605,Low
V280,Saloon,109.78006025763483,123.12666854191754,1.172915946431814,12.776567505621896,High
V281,Truck,84.30978902325373,515.1310339307489,13.915256981778294,26.189327612729357,High
V282,Hybrid,81.73708878980841,10.772383265026884,1.429384006189761,7.488451073089502,Low
V283,SUV,107.65183987662505,91.84578792040946,3.558707934319367,14.809728898861238,High
V284,Coupe,108.53953155431364,22.322182951763985,0.9959805449137575,13.614845879595237,Low
V285,SUV,93.63960566497025,321.5694499684047,3.867637780292268,18.0498899968077,Medium
V286,Hybrid,56.18924320769286,208.0118584432149,1.2473835233951804,5.5394079539403185,Medium
V287,Coupe,73.51305575463876,73.50528055225155,1.241876372533761,15.076809347409156,High
V288,Hybrid,87.31689788034438,134.14457354598625,1.160298496933236,6.032167686943987,Medium
V289,Saloon,69.6915652165587,141.52542252868506,0.6329006445194258,8.76489562168969,High
V290,Coupe,105.89351764382434,149.77599170544607,1.4980170136715396,17.33113331343558,High
V291,Saloon,88.5539119721115,137.94945492234018,1.4542660470623492,13.285212944641856,Medium
V292,SUV,67.10017145540324,234.45720036332972,4.43930799972466,13.83832951933044,Medium
V293,SUV,94.31233627363119,314.4962123879892,2.1456668859677377,13.622354416522883,High
V294,Coupe,90.07067732451593,14.977374621092311,0.3290301166696263,16.316970436757735,Medium
V295,Coupe,86.38424859836874,108.43496558537494,0.6584706883065277,17.406792451153407,Low
V296,Hybrid,55.55780553194643,113.11763505734442,1.8090953757269028,10.89353496754266,Medium
V297,Hybrid,51.16608507077664,202.6343943509705,1.187280330106839,8.380782104597486,Medium
V298,Saloon,58.00879834495663,42.56842385199491,1.5919089604606478,10.971689218842398,Low
V299,Coupe,96.21104215691076,148.60656344395537,1.2186154787893317,9.589081676693535,Medium
V300,SUV,96.61350896865848,110.90933702495849,4.12981280110166,16.569551562671396,Medium
V301,Hybrid,97.39687726500748,26.549923925541083,0.5855820817268815,6.975309522852401,High
V302,Hybrid,55.70234102415436,69.27491177727995,1.859381870781555,6.7468233989465425,Medium
V303,SUV,76.31698356771786,391.72921808808366,3.07408944857689,17.767105569551813,Medium
V304,Hybrid,43.92196945386311,127.01708648161224,0.550420400274924,5.438572424187481,Low
V305,Saloon,104.38624720066466,58.988703912926646,1.2986310234128258,10.288764820805653,High
V306,Coupe,90.84059957553056,180.96833568058176,0.32618807613058737,14.637896861755891,High
V307,SUV,117.80366605281303,302.0756825578289,4.778878617115821,10.522578792860237,High
V308,Coupe,95.12759914444968,59.42998028278972,1.1769851579768758,17.812970904972467,Medium
V309,Hybrid,55.39180374665487,167.00190435377786,0.7971464491396102,8.95731178200127,High
V310,Hybrid,67.83594920130017,243.2812791115689,1.4127909090446997,7.446544604607731,Low
V311,SUV,66.845747093276,118.06107293072056,2.288609254829323,12.509666613402981,High
V312,Saloon,101.03696347046827,177.14238071910697,1.2850863670615498,7.91815097495374,Low
V313,Truck,83.00698466747176,605.9700122459386,10.676683619000016,30.61752645844653,High
V314,SUV,92.61229304055877,86.77640558605022,3.1040522453502977,14.84696287130047,High
V315,Truck,48.28872700816379,761.9887029001976,18.49975371480662,30.035335059936624,Low
V316,Truck,63.11477805003036,388.235879109156,16.50973467150954,28.18147804110358,High
V317,Saloon,53.73638635291314,163.50074165569288,1.7096054258492592,10.673919020775664,High
V318,Truck,42.59782887771342,650.3947395688232,12.013637821359744,23.879312523320582,High
V319,Truck,48.235317671614794,331.15054541004827,17.56751505688635,27.79078789255906,Medium
V320,Saloon,62.29287644904275,265.79242188257143,1.8193727824272938,13.964627400368055,Low
V321,Truck,51.93981056907697,415.8675409266917,19.84989656140875,31.580187144649855,High
V322,Truck,41.35837106127799,145.64321388234444,14.639313768123328,33.638303087923404,Low
V323,Truck,66.93508989763572,448.46875562400317,11.054736999566305,29.85170157086441,Low
V324,SUV,109.32618963601354,221.18900337840304,4.214641478238646,19.644766539008117,Low
V325,SUV,72.22598754766135,285.4983340376336,2.5049828532960143,17.928544190338393,High
V326,SUV,94.65560195286946,335.5620878976367,4.292699558655629,13.95970472662455,High
V327,Saloon,104.90540410442259,169.2480828289192,0.736932234253022,12.56719294535042,Low
V328,Hybrid,87.59568102629527,86.0228024962064,1.7857688854981295,11.343002783360365,Medium
V329,Truck,53.84522436889045,788.4650309006554,11.407115280487584,23.03023502603735,Low
V330,Truck,49.21124196190131,725.7927970055093,16.542925523249618,22.281564248334092,Medium
V331,Saloon,76.41940510210094,192.28344701954455,0.6251961274840749,14.05933094725871,Low
V332,Truck,80.18017677207675,453.64474150364674,19.671266152591706,26.266414689126496,Low
V333,SUV,119.04661914218987,350.5639994616322,3.721349456388795,11.65954895295785,Low
V334,Hybrid,92.91566549827864,112.59752510094764,0.7433501086737191,5.088252639830313,High
V335,Coupe,103.58534101830296,110.2059282033085,1.1632243468429901,16.90258053017802,Medium
V336,Truck,43.97032923215148,612.0475432382536,11.874119440975822,32.87265579735746,Medium
V337,SUV,109.14381083169937,293.357189743495,3.9858497951815903,13.143501131837484,Low
V338,Coupe,98.27007393596888,166.1110105649896,0.8511182366078567,11.577982653254418,High
V339,Hybrid,69.652746835018,208.7798205849324,1.002812071056309,6.2163311519502065,High
V340,Coupe,112.72084121984685,166.93586041453554,0.42076497422824,10.398741127559447,Medium
V341,SUV,68.51831938565964,206.573635211975,3.076228426168944,17.488263369633064,High
V342,Coupe,109.06885509290045,127.97642782090192,0.7228499359315852,16.4144755308476,Medium
V343,Saloon,78.27723004388987,294.14938264424325,1.4512132074436053,8.010117932516021,Medium
V344,Coupe,110.57065372452604,71.76976293202281,1.1235926360233168,8.696411481624057,Medium
V345,Truck,48.744071858797966,699.0160812340505,12.271795570235149,32.5556168786441,High
V346,Truck,53.96380442272052,550.0173370410953,16.94150573509831,27.689821297175794,Medium
V347,Saloon,68.31864060180388,79.54042538390692,0.5497840318436393,9.43157120992579,Medium
V348,SUV,99.18976743187699,472.2371683018172,4.549215687920682,17.660647765353026,Low
V349,Truck,79.42236716266493,565.4894324331967,12.602868575660029,33.607925460587445,Medium
V350,Hybrid,80.24393871435004,144.5057514353056,0.6664842038202217,8.129388806644979,Medium
V351,Truck,63.01791356009632,705.194526665869,15.466482201877884,25.706008234556144,Low
V352,Truck,88.84001642553297,177.50441532842098,14.225484283119446,20.63037012757108,Low
V353,SUV,104.39424724601582,463.1344484896178,2.480130653426713,18.58341676799121,High
V354,Coupe,87.53309382771387,183.0463307123439,1.2047542843161407,16.049067768414385,Medium
V355,Truck,40.90032778002273,773.9672499518182,17.26670992070323,24.571266430792,High
V356,Saloon,99.76367989153081,98.82593555618038,1.8091307593491919,7.900643123295496,High
V357,Coupe,112.22115864764774,112.73271056253296,0.41584136423452894,10.418938282588389,Low
V358,Hybrid,40.744242176638885,122.50431171148139,0.9518978911400006,9.188502390084311,High
V359,SUV,77.83426846251703,184.9636001781431,4.101176195560612,10.481428359783534,Medium
V360,Hybrid,94.17369971151923,214.54332985388356,1.5017070248396098,9.15255099075169,Low
V361,Coupe,123.53814988837914,45.21273411045574,0.39476299462899433,10.395101699095381,Medium
V362,Coupe,117.67469672201142,16.587350678031832,0.9993682021001875,17.9543751619131,Medium
V363,Coupe,121.34176563025237,109.074680918282,0.37636909114397077,16.313735143857098,Low
V364,Hybrid,75.93871049063263,37.58391929429604,0.6407859272350342,11.367387736056147,Medium
V365,Coupe,110.15201577628471,167.56449187018356,1.3547746803387208,13.717723520483222,Low
V366,Hybrid,71.04678110530247,113.30257847703764,0.9754198816866789,8.042171726010983,Medium
V367,Coupe,116.43277934380939,124.365451892875,1.3710279479458154,12.433800143791878,Low
V368,Saloon,86.42537472312524,196.76611486575683,1.3875457434594882,12.62107018468413,High
V369,Coupe,84.24600810248837,107.34911773370023,0.42506976337001723,11.845113276448124,Medium
V370,Hybrid,69.26002411727586,166.5338222909134,1.9257965788793052,9.20455746583849,Low
V371,Truck,77.17969580882799,454.3862416466419,16.341040313763315,21.0639832420066,Medium
V372,Coupe,85.26349485051082,78.75208770897635,0.8669920260078163,8.456487455023836,Medium
V373,Truck,47.001204877665884,293.7700154539141,19.715326909010507,24.970205106545762,Medium
V374,Saloon,78.92246348672495,74.90735956675002,1.4161701066136523,9.245465724127794,Low
V375,SUV,72.4195547063056,282.4576828006906,1.5192702970614729,10.076640326492253,High
V376,Saloon,63.14412854611147,30.281981500229918,0.6620386311960371,9.710885194710013,High
V377,Coupe,118.15514077478878,118.68924224016716,0.9152012711476996,10.934888232081217,High
V378,Truck,86.58768597164081,377.91052886603416,10.870927667957716,29.25599774176702,Low
V379,Truck,45.69191967383007,341.6561999611845,15.074119387178088,33.11333787027763,High
V380,Hybrid,69.61279482040712,178.54210384759944,1.9892252584986054,5.9204238392858715,Low
V381,Truck,53.73657627597598,376.20325291835246,14.218281785388314,26.165316128983186,Medium
V382,Hybrid,94.4566601533933,181.36783467204555,1.4118578211360555,7.165609025039474,Medium
V383,SUV,109.42742305327768,479.777230168245,4.374193988925793,10.015651051914729,High
V384,Coupe,108.18408221100442,19.715722473999136,0.6091286644004662,8.595247003477716,Low
V385,Hybrid,76.22772717696327,174.78157923822562,0.6717314570988577,7.686872181314857,Medium
V386,SUV,87.37419053733252,216.07385979241246,1.9235875016981756,14.189477901874755,Low
V387,Truck,77.55890239042091,149.70536517327884,10.801800140819035,25.321569377539763,Low
V388,Truck,87.08628558094625,568.0008527060398,16.78669956672565,25.428799862567974,Medium
V389,SUV,95.6196474725123,54.55903281248452,3.7263361624333977,19.13286947576237,Low
V390,Truck,70.62867341724096,711.5890154264415,17.239730554660937,21.808376246055353,Medium
V391,SUV,114.14719843715051,79.8997299600987,3.368886153917173,11.421371237934576,Medium
V392,Hybrid,40.70239664385424,111.28822243063337,0.9425610614812343,8.402003456583222,Medium
V393,Hybrid,74.63199320407304,20.497377354147368,0.6845049426856185,8.910496775152978,Low
V394,SUV,80.5900411903595,378.1280693972516,3.783020770071789,18.456043629899067,Medium
V395,Hybrid,81.54956960015352,113.18345857363555,1.5094499335916485,6.92766821978793,Low
V396,Hybrid,58.37880992669276,199.3564383809904,1.1696292746023733,10.588662383628467,Medium
V397,Hybrid,89.3453424200967,215.8149610387081,1.874952853761811,8.016896543593074,Medium
V398,Saloon,69.13200909926833,183.01564904635188,1.0567586351564413,11.808593334401863,High
V399,Coupe,112.33515175862948,140.796953513506,0.7494634644241456,9.668602016987528,High
V400,Truck,61.52646692311038,199.81590085733612,18.900970351838083,25.188161911067862,High
V401,Saloon,59.267584833399425,27.125372773610245,1.4687335794297263,12.095218539637946,Low
V402,Hybrid,60.4362499948775,27.21085332343624,1.114443342342848,7.178522465443756,Low
V403,SUV,100.62723838410056,322.60066225371065,2.77607804869139,12.178925542549901,Medium
V404,Hybrid,99.28215796933551,118.96038908706757,1.5324113536703556,5.983870773048525,Medium
V405,Coupe,99.13538197956387,15.231976775198444,0.90654614149254,17.64017407117702,Medium
V406,Hybrid,63.05240277914801,19.35904301797878,0.5464336863790153,7.715907319628086,Medium
V407,SUV,69.60149618779164,60.50844334768366,4.1467476488256185,14.585230088818907,Low
V408,Coupe,87.35468631835927,181.01580477313132,0.4393667522406307,17.55918828955319,Medium
V409,Hybrid,58.83800304264117,223.21688135408348,1.4044143147191923,10.786951518190413,Medium
V410,Coupe,129.04078979262786,64.79703318556169,1.4533625824891117,11.894818949024204,High
V411,Truck,59.275595236846115,338.27097297815396,15.41407607347585,22.312175647677307,Medium
V412,Truck,67.68557426790056,479.1933686870028,17.6190181260487,32.504749429063786,Medium
V413,Hybrid,66.42648101874545,82.5599798443585,0.8890023459756418,6.362366856934104,Medium
V414,Coupe,73.45885493194149,75.06511597859553,0.6242972305569399,17.66417385866407,Low
V415,SUV,93.46252957500263,206.2746675637284,3.531636603477936,11.391967013456956,High
V416,Hybrid,66.64262495213217,160.29623714105531,1.233346747688677,7.81245160458027,Medium
V417,Truck,89.6924194449849,716.2203335042489,16.2340595815944,28.54066041773424,Medium
V418,Truck,71.0330239912292,240.91847547570327,13.951377432643186,20.59189299336349,High
V419,Hybrid,68.5327622492096,140.32590014983916,0.8416246041548143,11.748201930158597,Medium
V420,Coupe,124.56727665623453,147.20721473662212,0.940063954518435,16.69969159647685,Low
V421,Truck,46.532617191173145,653.3568559924195,11.248208139668483,31.91315993824108,Medium
V422,Coupe,86.54605409508142,176.6472103934559,1.4328505125904774,9.487959694051156,Low
V423,Truck,63.13378025326968,786.6911647138796,14.834074359731467,32.953212837718176,Low
V424,Truck,69.436576106566,362.7309355437213,12.857835555258703,23.04834636629131,Medium
V425,Saloon,95.70789148266184,128.2313419104478,1.2669131933011268,10.938603840009456,High
V426,Truck,68.86395146165657,705.9040019371865,19.807393435834292,26.113763128607253,Low
V427,SUV,109.65113532637818,394.0375075946229,3.5073513300945063,19.56047143611933,High
V428,Hybrid,52.02847093170416,36.22341047430914,1.780942950433133,8.074048716436238,Medium
V429,Hybrid,90.81813125242363,224.34164924689958,0.5936863904286072,11.184253340902425,Low
V430,Coupe,96.89914332216533,106.98217291080412,1.0519110133118523,17.26382606730087,Medium
V431,Truck,40.9558047214882,433.790427822472,16.877220424305605,30.840604365473425,High
V432,SUV,101.55194589222648,110.49580823365483,2.5478845593008845,13.587155254170135,Medium
V433,Coupe,118.2662324607703,62.96437575876507,0.5528459566406438,17.57448019038096,Medium
V434,Saloon,50.531797106808135,299.3898395909539,1.5152319482860934,13.627754395592937,Low
V435,Coupe,87.6771637807716,12.719902756741396,1.185443422273836,16.34144597000676,Medium
V436,Coupe,114.42856791721115,37.141554587159334,1.2041135067083628,15.68922782107641,Medium
V437,Truck,72.92702578350274,636.2811529569103,18.45921439677732,29.204061713561877,Medium
V438,Saloon,55.31628283818074,156.53578670681904,0.6164740020074075,10.260344248259447,Low
V439,Coupe,94.42638934753765,22.5418703866459,0.7185846407633751,9.109980987913149,High
V440,SUV,108.49411260055334,476.45961168401186,1.7531076634027851,19.551152072917013,High
V441,SUV,91.3545959602047,184.80455507924324,1.7690172634665724,15.006242680704178,Medium
V442,Hybrid,87.67093266944492,179.70075454400757,0.5753390171959607,5.5103128475753245,Low
V443,Saloon,74.17239695795823,102.68133833342412,0.8485764845840718,9.24803599126971,Medium
V444,Saloon,98.20896459781308,280.1838550169191,1.1076540417913496,14.248888017059976,High
V445,Hybrid,59.28974207487292,124.34487672250998,0.8390434967239996,9.483332295230909,Low
V446,Coupe,128.73886691048853,124.66368824824194,0.7293769009362586,14.478174459905283,High
V447,Saloon,57.375240707923254,268.8245424743116,1.2546259261697545,10.594797936317136,High
V448,SUV,95.15188730721115,331.1527382552311,1.7512153217927957,16.826172212234024,Low
V449,SUV,74.51590081893178,371.2786846279654,4.378871780344689,18.039585075525203,Low
V450,Truck,67.62504837039445,464.1189246175258,11.428759613394117,31.63019225604703,Medium
V451,Saloon,66.28456282680287,159.07471838902504,0.9264111393912751,8.070626903997546,Medium
V452,Coupe,107.77346181350418,20.323086616351727,1.19837428095144,11.175867952611167,High
V453,Hybrid,40.00808158026912,132.67099341693515,0.5702778627914047,6.933186904746297,Low
V454,Hybrid,82.41858924734296,25.04550918924781,1.7590077385340035,5.0267394586100815,Low
V455,Coupe,84.80943215211414,150.77177066889357,0.6795241796751681,9.018923880660136,Medium
V456,Truck,58.0116959400214,289.27530046916786,18.42711902160555,24.700218763777148,High
V457,Hybrid,87.33594830656043,224.04931475457633,1.1507261293647943,11.369602006980745,High
V458,Saloon,72.63908323779157,289.9419566172303,0.6339342867883594,12.496154132025943,Medium
V459,Truck,64.69070202284644,371.35416381895294,16.327118787486008,30.55785637451497,Low
V460,Saloon,50.261796179018546,66.74686484921564,1.569569075951478,12.33108330862565,Medium
V461,SUV,117.96285030772063,392.46700561285235,4.827704477059683,17.02540501534807,Medium
V462,Truck,54.90261043197216,173.75544557559954,17.818238633449354,29.66223832213874,Medium
V463,Hybrid,42.89116074359777,96.4121118162348,1.9351997232264293,8.502808019971408,Medium
V464,Truck,61.63645680098523,420.38972361150576,12.088827240051637,25.53060756297193,Low
V465,Truck,58.49066279935883,136.64851413123068,17.675676285179183,26.247566478558184,Medium
V466,Truck,81.10899434082117,695.2436007839268,12.11994054698658,29.86030223255193,Low
V467,Truck,63.614090208149086,716.1097165450395,12.15740679176454,30.167198004650665,Medium
V468,Saloon,86.46512733516334,102.68441372011318,0.7049013554767589,12.213118083818213,High
V469,SUV,104.31584748793983,192.0323046935075,3.756914114078098,13.951309076115033,Low
V470,Coupe,112.79241299695707,47.85090222987009,1.3682580031634093,10.874095964655798,High
V471,Truck,58.38929938780765,140.66436645624486,11.115122123212764,27.737928540684923,Medium
V472,Hybrid,56.05556060367829,210.51525417812664,0.5220400829824308,7.653658340703553,Medium
V473,Truck,56.867277338454635,113.52934164232073,11.243683990005103,26.20464012377953,Medium
V474,Hybrid,69.5718750668468,107.02953934116859,1.2964065176181407,9.165921724339771,Low
V475,Saloon,50.59542926767014,149.9466446469811,1.9452488613313825,11.152258241036389,High
V476,Hybrid,80.65253604753718,84.84732590005197,1.6609870672291438,10.410450373132806,Low
V477,Coupe,101.27776285924834,195.4426264230506,0.45066025771518403,8.16947664889581,Low
V478,SUV,106.20949270542576,413.21999181419716,1.9207253019220167,12.655828329586061,Medium
V479,Hybrid,41.05314180199773,80.39406658733553,1.6597128108780073,8.625723693988053,High
V480,Hybrid,60.88573559009728,99.21743077751927,0.5020304385732022,7.098603692956651,Medium
V481,SUV,98.78752449827583,488.3874997173607,4.4647128944436485,10.23594964645529,Low
V482,Coupe,123.91363628049035,158.80769852673893,1.2364513482851764,12.579957590035715,Medium
V483,Truck,59.90026464772514,312.04101018323485,10.656948589543658,23.423530452405487,High
V484,Hybrid,54.79621809868148,126.17849673044839,1.621166609895041,8.316668798785626,Medium
V485,SUV,63.47066696682964,481.00541044469173,4.799535116829393,17.851895431484085,High
V486,Saloon,109.47967409385323,172.45505318407362,1.944152525379809,7.604840324934006,High
V487,SUV,81.94084489568228,151.42157060304464,2.185415794469945,11.408029488926761,Medium
V488,Saloon,87.34481849395979,238.77011960924543,1.367447599130541,8.175701676705678,Low
V489,Coupe,118.66742619600825,130.8313943611084,0.7657988473523947,14.74130295536063,Medium
V490,Truck,52.995248962141645,341.63454594594737,19.174858431319905,24.357567585071305,Low
V491,SUV,88.19929608947619,450.5635118282066,3.9770247259363463,10.622032261647028,Low
V492,Hybrid,48.83818265673822,11.881981785260036,1.4463826853437451,8.133713977872928,Medium
V493,Coupe,78.05649105413653,192.00748300078638,0.9355916687347439,10.418932941128892,Low
V494,SUV,90.03621426928245,355.8291497307985,1.7668372629074756,12.74703815047892,Low
V495,Hybrid,88.41792945303962,120.3195688966387,1.3198657130484424,8.029712015466284,Medium
V496,SUV,62.63399655858031,124.58740091907016,3.059395735596618,12.091854654079278,Medium
V497,Saloon,52.99874171958072,256.2219059345107,1.9717887937461738,13.345142991973916,Medium
V498,SUV,111.22709530228002,158.88970864267043,4.8621944142962,11.969257044534285,Low
V499,SUV,117.08578862170994,497.66868228467797,3.9910298201111707,19.81143731791822,High
V500,SUV,94.17238677402622,166.79380242924066,3.0294855998296732,15.93560935378786,Low
V501,Coupe,74.3848937216209,128.24522027727676,1.4774134041147535,9.901076497837277,High
V502,SUV,107.555706977303,458.5544572008287,4.802955574870773,19.601356044054473,Medium
V503,Hybrid,71.28757832328832,244.55389791796088,1.6359653107016583,6.131700053658733,High
V504,Saloon,78.6140063880782,221.13272910416111,0.8710104737286251,12.124921468391099,Medium
V505,Saloon,89.99602874279715,65.55592826639844,1.3476279686791344,13.17301528782886,Medium
V506,SUV,89.93373987215651,55.44640254924834,1.5316346417775226,13.570293439700123,High
V507,Coupe,125.57164410590693,53.448588124685664,1.0612364266460246,10.220758706933205,Medium
V508,Coupe,89.30019937957292,171.12799702428197,1.1746337307239363,8.953992773132107,High
V509,Hybrid,65.72212125918603,17.000743274863474,1.2213352199045135,9.637038081907477,Medium
V510,SUV,67.11015741588909,179.99822250912456,2.892428189257549,19.195310246560496,Low
V511,Saloon,109.59530092537784,32.575163718772444,1.641511885243088,9.973792531218745,Low
V512,Coupe,93.5474911737688,153.31034493593432,1.4021117185744905,17.509285945025482,Medium
V513,SUV,94.62735516229924,210.70452168522627,4.256421800505727,12.510013832623002,Medium
V514,Coupe,103.84444173001106,78.1299076897259,1.0879572884494513,10.40398912893507,High
V515,Coupe,81.49557674408955,184.46542646833305,0.4221644195394443,13.059579077349316,Low
V516,Saloon,63.251166977780535,30.900389731186884,0.5540282274371395,8.401774176846619,High
V517,Truck,83.33851772530002,297.73512078391866,19.504591705752958,28.724334394837904,Medium
V518,Hybrid,66.19685138612596,149.2213203206691,1.2750475778394017,10.311433776301275,Medium
V519,Hybrid,56.949763958371136,94.73209398407258,1.841141453799876,11.625195592052838,High
V520,Saloon,103.55349364918847,137.4454383080478,1.6705482545103225,10.81068586640879,Medium
V521,Coupe,99.85239112876613,48.88922072088395,1.0093563639102197,9.86135897753348,Low
V522,SUV,79.89388194403162,434.7635907289708,2.224765332237993,10.711582851734327,High
V523,Coupe,74.14045555676898,188.7490588955905,0.9083045255542015,12.094120718170183,Low
V524,Saloon,98.6527148604751,254.0312598149445,0.9982865496734069,12.548944459790363,Low
V525,Hybrid,86.2673689511132,167.11616484782908,0.7273926122001491,11.131181584619398,Low
V526,Coupe,102.34567316416053,63.669761010300704,0.8102738225252326,8.375710903989074,High
V527,Hybrid,47.672008073345054,193.7312201238066,0.5000174521330492,7.9159607993760455,Medium
V528,SUV,91.35061086513531,74.58548900043753,4.905773570403165,12.26125331249672,Low
V529,Hybrid,58.25192317817685,82.94620294120656,0.8456249931760249,5.01031675460418,Low
V530,Hybrid,83.76068764527977,242.04291995182848,0.8364402249275675,9.641330342623956,Low
V531,Truck,77.09481634793576,693.8977653633673,14.226291970136092,24.543963584606438,Medium
V532,Truck,56.264756701151555,598.834933168959,18.167794665056363,22.724209516349042,Medium
V533,Truck,58.547050407888264,731.3581377244051,18.06693519694739,34.77287604143714,High
V534,Hybrid,85.25489558092485,104.36684824670135,1.3859567509919566,9.627099779731243,Medium
V535,Saloon,54.70734897902744,172.45914854908222,1.5639812427089144,8.338570432008483,High
V536,Hybrid,86.83790304553344,150.1054673233868,1.928332678546392,5.296956087448242,High
V537,Saloon,65.91956825332802,188.43508620395073,0.9448398683088961,12.715393312569937,High
V538,Saloon,95.54031695131586,48.704469938612846,1.2707816963101517,11.071124444728447,High
V539,Truck,58.46403851077706,753.0474037987705,18.275063198732212,30.45814072864455,High
V540,Coupe,112.85959814409986,97.72606732449263,1.405193425315891,14.945954272532854,Low
V541,SUV,103.738863699349,437.76090670430534,2.4592505626976684,18.07070903866703,Medium
V542,Truck,49.7620301478246,341.7393665714215,13.356104542698427,34.67788202583711,Low
V543,Truck,82.82686118739633,590.8189031131818,17.2705676161539,28.431091916038568,High
V544,Coupe,126.82544002651115,104.2891630476487,0.7566212518438734,9.63035336931591,Medium
V545,SUV,107.17233913566348,380.4997694340162,2.845242634834472,10.251934139592294,Low
V546,Hybrid,90.33983966308065,12.740316028977672,1.5555496694435764,11.791799768082399,Low
V547,Hybrid,66.2596796888922,66.39361719902865,1.5573065150650724,10.719896994109096,High
V548,Truck,67.32151580389237,776.9246926793023,10.51668721657961,27.571933974567923,Low
V549,SUV,103.107236839353,438.1882120171305,2.127394641677265,18.000034817636816,Low
V550,Truck,67.63535378592726,377.58757739297425,11.317150285790936,32.97943638363368,Low
V551,Saloon,59.43639249078292,106.74060057854778,0.9350682979436553,13.971312273526834,Low
V552,Truck,73.63514971044489,657.6769780339606,12.50467898792499,29.373111494104982,Low
V553,Truck,68.58729915718743,682.9812637517898,19.060870604812607,20.1823515721608,High
V554,Hybrid,80.44119514352755,22.440591788734963,1.3232879976160339,7.013429103305747,High
V555,Hybrid,58.40659597132847,94.71004082856558,1.431938673574415,7.3383497596813845,Low
V556,Hybrid,83.96194303541682,107.08657253772873,0.602529800464938,10.48631889738875,High
V557,Saloon,67.14549947556236,141.17472628779353,1.5281658248328522,9.659649257189695,High
V558,Hybrid,43.39513936880294,99.74105128307527,1.9166728740414551,9.492140781089908,Medium
V559,SUV,100.28874892003242,334.5269691369379,2.1964724863580285,14.1833386410228,Low
V560,Coupe,115.0563879017991,29.26085053510024,0.6334233313076547,10.763191084658537,High
V561,SUV,85.92113565567035,491.1659334239833,1.7362589133933768,15.18700994380595,High
V562,SUV,70.76188092073262,486.80444543438483,1.8965622665461246,14.036010023615912,Low
V563,Hybrid,84.27309909007637,179.09306272658688,1.1340929553408983,7.425669175669028,Medium
V564,Coupe,93.85674271317224,60.212490000141464,0.5463995264481598,12.8303969755889,Low
V565,Coupe,86.11202536405644,64.61771633047752,1.0881072761694683,17.68537331699892,Medium
V566,Coupe,106.21823203356251,24.626098742343594,0.39070033662488035,17.51423220845566,Low
V567,Saloon,67.83744741844002,45.77875610309312,1.3985668807255722,11.98919022632213,Low
V568,Hybrid,78.91028920712128,74.17648668580992,0.5226660263217126,11.755107586181303,Low
V569,Coupe,85.05358274146614,138.44499472998402,1.1479558438544515,14.100074170794857,Low
V570,Saloon,68.77444365281889,95.90695105393841,1.3965024240540547,13.928765068893533,Medium
V571,Truck,87.33668644616978,174.13406308263035,11.5482861259772,34.17104388174619,Medium
V572,Truck,76.82676141673963,718.0956773808412,12.026326341353432,28.813788066641028,High
V573,Saloon,92.06837566504842,210.43132792515235,1.1122275363000471,7.123159133530468,Low
V574,Saloon,84.9755634082558,90.86843097029045,1.1753813692143356,14.660648120670539,Medium
V575,Hybrid,63.94211905854608,211.5523855994624,0.7828109086238767,9.707223486175202,Medium
V576,Hybrid,98.6204172663366,34.45434420950483,0.512479913340788,8.0350795484283,Medium
V577,Truck,44.63127415256836,623.8690447733619,19.14548663848559,26.51031459063138,Low
V578,Coupe,85.52269852932646,92.53663061125586,1.1681373814200011,8.09054161580371,High
V579,Truck,69.47269947423486,529.3041794211654,16.376882468959355,23.630331199713158,Medium
V580,Coupe,112.84316340268761,27.364382403037517,0.539124403760161,16.77470046654482,Low
V581,Coupe,114.32338904359398,12.611655262155598,0.5980515124437602,10.144064829931645,Medium
V582,Hybrid,56.248379682218356,69.41434486717273,0.5937894436142686,8.212583616177742,Medium
V583,SUV,103.9640084871699,323.0292761228464,3.8550508400932793,10.811491785362392,High
V584,SUV,117.08944261060724,427.32132522936115,4.3178161147348195,18.229838050417676,Medium
V585,Saloon,105.96263048796568,172.39111051183536,0.8004230268014388,11.934268862820328,Medium
V586,Hybrid,84.57288962007634,187.10017440496608,1.2821735362503202,5.479211035335046,Low
V587,Coupe,92.26677630580767,184.9456556080379,1.001338691708911,13.383319432557133,Low
V588,SUV,76.13121086293161,215.8020139624605,4.633711312036093,16.664630475268357,High
V589,Coupe,117.24322160513998,96.32563038285447,1.0562966633473894,10.483836087432074,Low
V590,SUV,102.32764981700917,242.4206001665018,3.0489093018516096,16.493223245768817,Low
V591,SUV,116.1768372881356,78.80285597387942,4.386601330714527,12.92383110412193,High
V592,SUV,86.63516727038267,59.86099794875403,2.5536612724200953,15.026312426301304,Medium
V593,Hybrid,43.37056464084634,127.86297505195964,1.890665943287641,5.737752526754637,High
V594,Truck,78.22203640377522,386.76973736319485,16.55173714524338,23.90354896977844,Low
V595,Coupe,79.5695357524815,40.487896711533025,0.38459033477177357,9.85646704901243,High
V596,Hybrid,79.8531630993381,221.60574684244193,1.7211885283867427,9.795940169121389,Medium
V597,Hybrid,46.62591180466616,79.40498711102796,0.9647103129837035,6.749698624783349,High
V598,Hybrid,70.90033958258338,138.5329155711214,1.0353289627566653,7.476524111155053,Low
V599,Hybrid,89.71333587436487,199.43028359672454,0.9616937475211185,11.396519107112816,Low
V600,Hybrid,97.16890102015037,88.4182100872098,1.0316374231895824,8.539439073953712,High
V601,Saloon,106.46724875202041,265.36944127984725,0.6538519438753847,10.14184594617133,Medium
V602,Coupe,103.20227138498632,105.5951697847926,0.5326356815242712,16.588167711681546,High
V603,Hybrid,80.61644697981023,211.09800996443286,1.7881464190242082,10.238490975660177,Medium
V604,Coupe,96.35263607498304,126.00388345293067,0.4924384873436918,14.736454174749078,Medium
V605,Saloon,60.75519534435685,214.3058853428439,0.844397241130953,7.94041040120176,High
V606,Saloon,59.91706940857745,20.557797861339676,1.5781094267802953,12.859208392467032,Medium
V607,Coupe,100.89600099479557,40.6589322005229,0.4002652050128277,8.19128966437287,Low
V608,SUV,69.94489061791325,450.88499074241605,2.3453789459558863,13.542713272172158,High
V609,Truck,45.26727422406666,255.6529133237192,15.192245707802051,29.116290246434787,Medium
V610,SUV,74.72113884997266,75.97947165130275,2.8686150419458953,12.34203370926334,Low
V611,SUV,73.17323539378812,481.93826122105486,3.657051700740034,15.568784431720958,High
V612,SUV,84.94650621139931,243.02495004356493,3.3931675134332826,16.964298070361075,Low
V613,Hybrid,82.12876577090977,51.20653784930789,1.2501691281149405,7.883706665238714,Low
V614,Saloon,102.23161797616305,196.7972979411454,1.2987560996239726,7.923157137431339,Low
V615,SUV,96.3382733594047,102.74175755610504,2.6802230144801324,11.428419648143318,Medium
V616,Saloon,91.52441882146213,77.75059187412273,1.087789059782039,14.16539822095023,High
V617,Coupe,82.25898300393821,106.48296215216803,0.8031259933992263,8.181240410457297,High
V618,Truck,79.63790567864064,148.3321344202198,14.742550209769536,28.41017442408425,Medium
V619,Coupe,107.70558739687522,140.84000956849636,0.603926860227258,8.099787766584495,High
V620,Coupe,113.40661974129472,111.77475387603994,1.3033412438486984,16.213883629006943,Low
V621,Hybrid,90.59957006727299,126.42271839508963,1.0004425937552985,10.54090741813959,High
V622,Truck,62.564705651462745,228.40953748240415,18.549740195614746,33.23839815158521,Medium
V623,Coupe,97.97858536841021,24.38294818885962,0.7653913079003174,16.035376594626033,Low
V624,Coupe,124.10644171277372,48.65982107454321,0.3803683344303258,16.773504531328385,Medium
V625,Truck,59.47024694894377,479.2326749872943,19.680658120507587,20.99847091871334,Low
V626,Truck,72.41590037260478,151.87379580240696,13.754689284665004,32.0572181779017,Low
V627,Coupe,96.00833396533807,199.46464724156058,0.9708711419359226,11.211621526359535,High
V628,Truck,51.00556629523766,345.36437400031326,13.725332737595508,21.030705165859416,Low
V629,Coupe,92.1744519656064,98.20531875045273,1.1672853026865655,14.567294847216079,Medium
V630,Coupe,112.52593931374926,11.589099556602848,0.5612008794966432,14.616842883998565,High
V631,Hybrid,69.03936209078483,11.275234160403027,1.7067419636477335,10.409667013032362,Medium
V632,SUV,92.90514977961377,79.90849659932246,4.182802673364046,15.837135877313639,Low
V633,Coupe,116.91759862947755,152.83192855520969,1.2636024863494044,13.180080664046248,Medium
V634,Saloon,58.4194710916109,207.92409254631283,1.430710677577956,12.938025497592697,Medium
V635,SUV,70.19286036304412,137.73883995513015,4.61643331026765,17.49977798452071,Low
V636,SUV,114.49370932201938,391.4218945237643,3.5900435709660563,16.541327370278736,High
V637,SUV,113.3476754364006,310.46303953037324,3.713369635149356,11.564767160036006,Medium
V638,Hybrid,68.43527320696616,181.93530686994376,0.9064140474745481,6.415779263671745,Low
V639,Coupe,88.82960849346493,55.88511931863835,0.5578951644436749,12.24850842868087,High
V640,Hybrid,94.47031083301204,131.6943152172924,0.7818805712229846,5.538801685666119,High
V641,Coupe,111.76936870827552,82.73176524291368,1.2861971359024311,14.595107686407701,High
V642,Hybrid,87.77448703248211,75.2670494604277,1.5385383836915871,6.848433892856031,Medium
V643,Hybrid,96.3441087670175,162.72982756800985,0.9867677002630131,6.886583036045908,Medium
V644,Saloon,61.45559510429861,214.49946849024377,0.828073419496891,11.762426127419912,Medium
V645,Hybrid,55.878101615521445,168.87254675052847,1.7224095928108087,10.446176702012572,High
V646,Truck,78.04256654653909,231.40568398457646,10.883849469845186,30.484232427310786,Medium
V647,Saloon,72.10083282766108,141.05694339293723,0.5467236391900866,9.076611594200394,Low
V648,Hybrid,42.02058423246784,221.00458542429942,0.8650950248277958,8.901360187011056,Medium
V649,SUV,62.33875923966782,350.08132608754613,2.6305957101393282,18.97919186957666,Medium
V650,Truck,84.4059094467018,327.70343285322343,19.009608956904678,34.94236510248168,High
V651,Truck,81.2707832061974,691.4099434286603,12.4900873610909,28.650535982866344,Medium
V652,Truck,43.362795698368394,166.44255577516878,19.988926120332906,24.899588741388662,Low
V653,Saloon,94.89103472293078,245.86621484750862,1.7870349065108437,14.981026379217251,High
V654,Hybrid,54.48978911541207,19.68419844632793,1.116787276991879,5.910564688802628,Low
V655,Hybrid,41.34555334972331,96.50243851395666,1.6756073766128545,8.963264838575496,High
V656,SUV,78.76667935262124,344.4539024717239,2.3120636310808376,10.14381446072085,High
V657,SUV,105.86120318618563,330.68438818880406,4.16805918575336,10.389380166876656,Medium
V658,Truck,81.85598139153261,533.6683400254124,15.633953507126401,29.369210721717973,Low
V659,SUV,111.86599481210185,314.12142795150817,3.5333263296086277,19.90679157065766,High
V660,Saloon,95.40381002411408,143.84226552631787,1.5610955000493916,10.113843773534308,Medium
V661,Hybrid,53.73252774900994,153.24445045306226,1.8922731471709273,11.503976640108238,High
V662,Truck,57.095263905274514,469.37422635518647,12.116358985698612,34.93446664248325,High
V663,SUV,118.86707447207614,342.2790183683513,4.315449208871157,17.151001612837,High
V664,Saloon,85.5894931423681,34.93743915689136,1.1821465138289917,12.398290417339284,High
V665,Saloon,90.65189683302108,124.4743331582674,1.9125379799870459,8.338856257894248,High
V666,SUV,90.02156677293364,360.89778944787025,3.939975320621332,16.486389567688157,High
V667,Hybrid,56.51729280711161,47.489576484789275,1.4539104902400664,9.195114812976065,Medium
V668,SUV,70.76136061735446,367.3126155067535,3.0931019710677976,16.67760591603153,High
V669,Truck,81.86835398850754,218.80990000384622,10.191448679968367,31.6865387959368,Low
V670,SUV,96.58184550915695,364.8378063299548,4.433542412460249,18.028109348245003,Medium
V671,Saloon,107.65520881572948,170.0618220785931,1.232743448989858,10.21509759912584,Low
V672,SUV,69.22146257065228,307.6732547969101,2.469543835140926,19.213075122129755,High
V673,Hybrid,74.99144825662586,152.28164332194643,1.032386991315515,5.363925463843953,Low
V674,Coupe,71.90462592237932,90.43367738910753,0.4014784537166854,14.068469555401391,High
V675,SUV,112.85838033837945,447.311667433425,3.8066589354628135,12.112318314729311,High
V676,Hybrid,91.77980988153232,222.66242447516996,0.7949803774294381,10.16198260039474,Medium
V677,Hybrid,57.19117293562738,202.63367496470312,1.9958568498554041,5.210182037305749,Medium
V678,Saloon,103.84195194745593,194.33654940762426,1.9600739287472317,10.720076140211422,High
V679,Hybrid,90.84327583428242,24.974576463586537,1.0029185751174436,5.46911576425847,Medium
V680,Hybrid,98.52058800874423,206.0737377452408,1.7788211318689557,11.56575662003726,Low
V681,Hybrid,45.10620916718712,102.54342220320001,0.6065523335660032,6.4755517108502,Medium
V682,Hybrid,53.76194662226034,122.58573065141888,0.9028432511804638,5.706846747724327,Medium
V683,Truck,48.37455445470539,203.09289448646365,19.730767979122984,31.389387603777102,Low
V684,Truck,88.3880732634781,407.818340555536,12.783684816626566,31.9743979581378,Medium
V685,Saloon,69.57523508246881,103.82734463749752,0.8487589883117468,8.037431825793883,High
V686,SUV,75.38778366100595,209.89388681324945,3.8589797285100564,10.625648422194516,Low
V687,Hybrid,52.630416379920575,204.16567367000232,0.7203828853756562,7.398516025657651,High
V688,SUV,111.87953531148841,119.71639001454919,1.7895789246636646,14.845379950800108,Low
V689,SUV,78.14517067671218,303.53376401773437,4.313317116692163,11.371484881527431,High
V690,Saloon,84.84194507325711,161.5424529091619,0.7161181790197994,11.99198788423186,High
V691,Hybrid,56.4184250716463,127.08023645056299,0.6234084864155929,8.217088400495362,Medium
V692,Hybrid,58.38780808256922,207.37149068448505,0.5854680904960524,7.930250924428309,High
V693,Coupe,97.50588544788627,147.75115449683256,0.9891450901082532,14.672123371941812,Medium
V694,SUV,106.62295713910537,437.99133814618494,2.5985642385286467,15.380227053639029,Low
V695,SUV,110.40648470635199,495.2530089342754,4.613317588653171,13.714672626243768,High
V696,Truck,49.75832586093252,442.5747761846121,17.416414518360423,27.38853606129946,High
V697,Coupe,98.9908517988201,169.26378000554212,0.7336845348806236,16.597946748116456,Low
V698,Truck,60.34024004758618,329.7631739748376,14.53989911199699,31.436704380123025,Low
V699,Truck,46.30010139319971,237.49345111041217,19.51444825663092,22.63237441072036,High
V700,Truck,68.38636589655273,505.5201266633565,14.896244620502447,29.67117872865228,Low
V701,Saloon,63.789603547857105,174.7454349774895,1.0582598828703458,12.293338077033512,Medium
V702,Saloon,58.47341260238897,179.84567671505334,0.7779055330749856,9.229144504920292,Low
V703,Truck,50.93549001617916,227.98644590817196,18.257109515606672,24.285613514913354,Low
V704,Coupe,125.62742691186696,194.28603981558626,0.9855125639245168,9.430011226657264,High
V705,SUV,82.47289460277487,408.9795185066963,2.7858675504397468,10.870172183027888,Medium
V706,Coupe,103.40709465569128,170.57296178424662,1.255111664572203,9.751231401303531,Low
V707,Hybrid,80.365876864748,62.921023224555306,0.8273113018282583,11.118502413136296,Medium
V708,Saloon,64.9801371644138,93.70925702504313,0.5009800861419493,13.965352273004141,Medium
V709,SUV,107.55568879254808,332.2980207908051,4.125930173785948,11.520485674244918,Medium
V710,SUV,87.49941567525453,208.04872430695139,1.8282178418995576,14.86130485214924,High
V711,Hybrid,95.24437902055811,19.614188572166675,0.9371913702406909,6.452786553439925,Low
V712,Hybrid,54.28879921994178,228.02429245105006,1.2021035813514351,8.264095890578732,High
V713,Truck,78.02878212276411,208.14454280344808,14.872653541000508,26.449778211815897,Low
V714,Saloon,85.81464143279936,299.8761569101228,1.6541733411230706,10.182925624139418,Low
V715,Saloon,99.65318313644282,67.79834172749446,0.5456955294634402,8.635586979714184,High
V716,Coupe,90.42469336685558,107.01034391731638,1.0381549686494398,17.10605717214422,Medium
V717,Truck,65.49270047752289,450.89295123801054,10.502430098229821,20.52367328984336,Medium
V718,Truck,67.5579980958186,406.72502927384113,18.391803949802984,22.41019377067768,Low
V719,Truck,41.24858310585248,414.32713755108813,12.374785567522576,20.744215600082562,High
V720,Truck,76.22991434238145,178.11509997007323,16.083195000077716,24.215746252503337,Medium
V721,Saloon,60.40976302130132,126.33042641740889,1.7021686643344305,10.13674861523658,Medium
V722,Saloon,95.04617895266334,55.13616310376219,1.6591571294976186,8.89546659925319,Low
V723,Truck,73.86965649444363,496.04708838869743,19.291447172116875,25.80983776962971,Low
V724,Coupe,73.96991133006642,13.639542254738052,1.2922302731673037,13.247356376614322,High
V725,SUV,106.51464311009696,155.4915200051816,2.7077931092963183,10.301038722113189,Low
V726,SUV,117.68953947444673,350.54055801536606,4.766217807157572,12.654964074290724,Medium
V727,Coupe,106.68781667353966,138.9149939756012,0.681059640309106,16.481092350156302,Medium
V728,Truck,87.35807314501238,719.3985823872031,17.390669759393724,24.16197019587431,Medium
V729,Saloon,66.8969625263379,289.7408897248906,0.515426743903538,12.728399785937157,Medium
V730,SUV,102.37476975331573,330.2102934274088,4.96538096130403,13.118794357637253,High
V731,Hybrid,60.398311827594895,28.94545670717333,1.1641972048156062,6.827339683643936,High
V732,Hybrid,60.60320213065865,210.29722966135063,1.9032267702912435,6.300131504036299,Low
V733,Coupe,92.35053589320795,186.43980680192487,0.3741701528270671,8.923605281113785,Low
V734,Truck,48.13954946031147,516.6489838888124,11.504722710059974,34.521145721761,Low
V735,SUV,86.80287163551122,275.68308215757486,2.3633051553189226,14.709602524347336,High
V736,Truck,73.09568163185057,625.8239958678299,17.538680827099128,28.668366690411325,Medium
V737,SUV,114.26158649963143,417.8335312877492,4.149668401445189,10.556055216804607,Low
V738,Coupe,70.41267773317895,50.36498266713986,1.0962283126961427,12.111974888825458,Medium
V739,Coupe,94.14437555795871,178.0715087636266,1.3746754177582066,17.09175264053586,Low
V740,Hybrid,58.832684590901636,175.85339505742283,0.9074497719115544,6.334268831521149,Low
V741,Truck,49.23162286736846,339.4753346045158,14.299576197798217,32.464237565826025,Low
V742,Hybrid,47.19346560836273,186.3822033747746,1.297182371283958,7.015617398731948,Low
V743,Truck,64.64097922664124,309.9594488439159,15.960819552383061,26.50765884282866,Low
V744,Hybrid,49.86433174473272,37.979937893367214,1.3200435231081953,11.316891233002725,Medium
V745,Saloon,70.63746119346114,225.2400300223345,1.4879920324096505,14.452439314475848,Low
V746,Saloon,99.25886103794845,178.64947249352963,1.485545747351161,14.187091732672279,Medium
V747,Saloon,73.97112707521609,111.50251764017766,0.5162166254527945,13.612408593531715,High
V748,Saloon,98.0588420242019,49.24726506804239,1.3652860716990505,10.7118535853351,Low
V749,SUV,67.12254573054669,491.2557021773256,2.2514356061217438,10.672341800905611,Medium
V750,Saloon,85.69084277011457,226.88266959724913,0.5486651690707804,12.269741109816177,High
V751,Coupe,101.93751255708727,29.6203516862592,0.5070286523356344,13.679742973160806,High
V752,Coupe,87.7814568107973,188.27998844375006,1.2824882753808609,17.83567206513663,High
V753,SUV,75.58025033702484,486.3756347590897,3.0093185442704526,13.475187953137546,Medium
V754,Saloon,53.0209716181612,34.774272200688735,1.538016883919982,10.663431955472223,Low
V755,Saloon,63.591297562166346,191.91168577106515,0.8792871773751667,11.621054034755382,Low
V756,Saloon,71.55252481896142,250.59462345130933,1.731044241150169,10.81880318497921,Medium
V757,Hybrid,61.04914656010094,97.01435117418269,1.7085717885023268,7.297256379583284,Low
V758,Truck,50.4529686853423,159.2818393127148,14.666931208844083,27.23198148379763,Medium
V759,Hybrid,90.45452262417443,63.097287147055354,1.0714869105026,10.658840172255836,Low
V760,Truck,81.18118053744868,369.2277531851377,14.59124023286681,24.549288362739244,High
V761,Saloon,105.95329270515873,53.220254407642486,1.900624134502205,12.470931614682746,Low
V762,Saloon,81.89432916120387,29.144537019658845,1.2133942877330124,10.261984840021858,Medium
V763,Hybrid,49.67312871850736,167.53830484015765,1.9567263610524286,8.935321677451675,Medium
V764,Hybrid,82.88519658663675,26.428108615844028,1.126500493725492,5.814509396151471,High
V765,Truck,70.63979177682552,756.9375107499083,16.617777324716386,21.152045724716324,Medium
V766,Coupe,91.27997229910497,114.6260420937618,0.7838493073599027,16.336440104751723,Low
V767,Truck,80.73355023549945,528.281714072255,13.734579451327052,23.830045606448664,Low
V768,Hybrid,46.35245909278776,95.17544403677297,1.1197587758115792,9.730760475728516,High
V769,Hybrid,79.48958945785441,26.825953513901666,1.0928889731467366,6.272452070521533,Medium
V770,SUV,69.40876231900835,422.28596738176066,1.6467032585069012,14.191828759021213,High
V771,Hybrid,50.09221934599109,221.03925176283377,1.3355607699125527,6.619664454637936,Low
V772,SUV,90.14563722998258,379.1688618664021,4.853413031218018,12.20446004245419,High
V773,Coupe,123.1709063277607,187.51778169182316,1.3997046534384794,14.354143568619097,Medium
V774,Truck,71.49103272173538,382.24744322867593,17.52397882303788,27.96941027526398,High
V775,Truck,73.87190356141473,399.9205326941568,17.31496464043139,32.36707276406824,Medium
V776,SUV,68.78617539616897,424.8183720084026,3.391037861266075,18.446659090902244,Medium
V777,Truck,61.56508531705073,365.3283397681245,19.150607325172224,23.76753901322602,Low
V778,Hybrid,90.65273951716858,126.16493740225698,1.2711431638268895,7.159277970426388,Low
V779,Saloon,84.38253203714095,111.05913495733917,0.5589041213624785,9.175988842754847,Low
V780,SUV,60.38274260439544,490.25965417558547,4.880115234369116,13.95155297472305,Medium
V781,Truck,76.4185427169823,342.0642688872975,16.71093157085976,32.081450645689685,High
V782,SUV,116.80537468153445,230.0955241323524,4.241542940346167,12.659284506321189,Medium
V783,SUV,119.4199382276189,61.596319443958016,3.6123508227539234,16.59505981651327,Low
V784,Saloon,91.28273342444773,53.70852206094492,1.9077946752096957,8.449466232400663,Low
V785,Hybrid,77.36520419439046,63.44225898954039,0.9608246255319064,8.82520979209687,High
V786,SUV,85.03160511387459,122.10152043942783,2.0982774084729687,14.181447881627996,Low
V787,Truck,77.86414891377504,728.575252793452,10.841276622593828,25.896558613391015,Low
V788,Coupe,76.0147338233726,13.152571320193598,1.094062419172748,14.024494419665878,Low
V789,SUV,69.78114682889317,155.21577489187885,1.5829771377558144,18.349472056944037,High
V790,SUV,118.4814357629131,110.95679155761087,2.3101632481785437,18.68409523946934,Medium
V791,Saloon,105.5878278773711,137.49566718590688,0.5759337084036111,7.315134669542555,Low
V792,Hybrid,74.43699196414062,104.29482613436296,0.5429786413664818,9.082766746187897,High
V793,Coupe,70.67815219534135,159.60067204836187,0.6677193872440459,8.40258003009232,Low
V794,Truck,69.41761104915767,378.3790901031383,19.738004133571494,28.162979937555534,High
V795,Coupe,86.5143508622205,144.7933842804552,0.6257904030512536,17.04243291407565,Low
V796,Truck,58.73609852536882,484.9079939433436,10.505731038242288,26.391818569283462,High
V797,Hybrid,89.9418123796597,203.35571328720206,0.8364778382802893,6.582553497073938,Low
V798,Truck,80.86526561066184,751.2788941185279,10.953609212730036,26.750879591393378,Medium
V799,Saloon,70.24725673785375,263.792767528083,0.6252873720200282,8.6890075404643,Low
V800,Saloon,95.14810025518966,34.362277714740365,1.238803071071434,10.53685627743776,High
V801,Saloon,70.06407073932492,130.48024828929866,1.2949108803953493,8.290938867107066,Low
V802,Saloon,84.31975269701556,245.52105220399616,1.6402413946852386,8.23119923755019,Medium
V803,Coupe,78.95496818448844,60.953129871533534,0.7332896716092446,12.084555814084826,Low
V804,Hybrid,80.78183301000072,23.603303719800497,0.5520090563390996,7.743373940607363,High
V805,Truck,74.85818460689902,235.4047400695378,16.415044812562517,23.897422069104493,High
V806,Truck,84.30430544067582,726.9829609866316,12.972872042813265,23.449906309448608,Medium
V807,Saloon,74.67823832397387,87.34884385044164,1.5085757649375555,13.608517476386284,High
V808,Saloon,90.38552785467303,250.81812522981784,1.0954882433112112,8.250535765670886,Low
V809,SUV,104.27705684385552,212.21352731369925,3.8494478883019636,12.706439419817656,Low
V810,Hybrid,44.87377808840036,248.2196309170632,0.734302261895899,11.918946957744367,Low
V811,Coupe,128.63679595398685,160.82543974252752,1.091307554498397,13.778070502510847,High
V812,Truck,83.30507726889174,302.60766513364155,14.67681212484877,29.29084954049753,Low
V813,SUV,84.67142855216946,242.3689043406206,2.6559963362572954,15.64231816684536,Low
V814,SUV,111.03447168090696,140.68777010284077,4.770515635637045,16.890876537482296,Low
V815,Truck,81.1636606340015,489.33348484100816,17.795167014240633,20.24300596009201,Medium
V816,Coupe,119.1028254867721,17.626383226219637,1.367896051635435,17.91962747238643,High
V817,SUV,77.64404773060667,144.64335032860714,4.178771773503143,12.530263409202533,High
V818,SUV,111.9337429903322,96.27916647086451,1.9408431873277538,19.791515551006157,High
V819,Hybrid,80.43033389620028,213.25293386294868,0.986494066027277,9.73538624664423,Medium
V820,Coupe,105.65450963851583,124.59852282335993,1.1190389514452659,13.753591731290985,High
V821,SUV,85.74374215815996,174.1652124712461,4.190034658196208,12.262724300031863,Medium
V822,Coupe,111.54125836926485,54.33323630337206,1.0503962039453447,15.470782671290289,Medium
V823,Truck,50.93569444532696,141.9603106029158,11.309737429941741,29.089954509065382,High
V824,Saloon,100.96678437354413,32.599109945918826,1.6012268885624694,9.730549167600417,Low
V825,SUV,88.71170219517136,467.9867974305045,2.661900266575459,14.65336933939486,Low
V826,Hybrid,40.82094488564087,29.583692801161206,0.887887386702176,5.194965685747521,High
V827,Truck,71.56876630241254,398.4788497611358,15.48145202728022,22.61970778844494,High
V828,Coupe,87.75592176619696,136.12665022201776,1.4583632683564798,8.504167736022092,Medium
V829,Truck,84.5192160427633,503.8168409178459,15.639195667556237,27.504178028116407,High
V830,SUV,64.163645154251,90.4445832812723,3.6031920198068015,13.409585714355583,Medium
V831,Coupe,125.03608399466084,87.25220209829973,0.4719377504431693,15.14718833502036,High
V832,Saloon,67.60120528646058,167.1316860596501,1.546749178257755,14.202112889616563,Low
V833,Truck,79.6095597400838,573.4527475109069,16.796331823951434,34.1888696604813,Low
V834,SUV,77.74944584979217,50.500442388284334,2.4518409578936953,12.178913796267441,High
V835,Hybrid,79.7100751068399,162.09078394372696,1.3901920740570857,5.113704102466176,Medium
V836,Coupe,113.72668326703885,71.47077837224339,1.0980671868079572,13.565784285021532,Low
V837,Truck,57.13654627139536,194.20338697287542,10.94418897660481,32.472774996683356,Medium
V838,Truck,85.9198771040779,554.8516327350097,11.034341148604835,26.03040825332361,High
V839,Saloon,93.73635200630943,238.34984752281906,0.6773279334366329,7.000245750763059,High
V840,Saloon,92.7282227528363,119.84692927613757,0.8817219974273904,7.1031797583162035,Low
V841,Hybrid,72.41796440568999,214.27617650223561,1.9364474694088818,8.960214654293026,High
V842,Hybrid,70.86767966439365,30.413532517417863,1.3233092023138997,7.659853552757762,Low
V843,SUV,96.42811685301461,224.92685654444603,2.3410469320762837,10.949652752283765,Medium
V844,SUV,78.89510667533375,93.49017542948852,2.1191393278839437,19.873361585795458,Low
V845,Hybrid,66.64621341439712,137.64922396120397,1.810427793105823,11.968982303434814,Low
V846,Hybrid,74.96286696068088,204.9937170506012,0.9904115365050129,7.140207702131038,Medium
V847,Coupe,94.16222325967361,137.77637990799332,1.1186300271061185,11.152394346494507,Low
V848,Saloon,57.99259544819772,197.0709518103424,0.6924887932831467,11.62794006583464,Low
V849,SUV,101.60532768337853,365.2751733775032,4.137152387308589,18.728594215656646,High
V850,Saloon,79.9975395178873,224.46977306827992,1.4287591030487552,8.49311951838146,Medium
V851,Saloon,51.54137869216449,99.67158798954145,1.1645505595064292,11.93684755542925,Low
V852,Hybrid,90.99755983019233,57.09897200947975,0.6883246848477156,11.744359632320293,Medium
V853,Coupe,76.48267356258442,100.91330332036594,1.0026764745519623,13.413744209074382,Medium
V854,Truck,44.30160785164716,139.91883980253357,11.054834274610357,28.783815258089188,Low
V855,Coupe,102.66069325805927,54.41075048698141,1.0653289702147097,16.200675020556496,High
V856,Coupe,72.49473759079562,104.64468927412805,1.1271724945232282,10.52311927069687,Medium
V857,Saloon,68.46625431758895,191.81861283702747,1.8469029401656054,13.479395362423194,Low
V858,Coupe,104.98781314597501,148.74212637387734,0.7377869642493584,14.409655280987577,Medium
V859,SUV,87.97089546765342,135.4712614059024,3.9560839585704,15.56464637348822,High
V860,Saloon,71.51729491721548,275.1749732220166,0.5314011767400999,9.526185209995969,High
V861,SUV,63.412883866658795,394.93729229973223,3.957376089398274,13.31352218736317,High
V862,Truck,73.78314511035364,377.1560583371649,17.562537914224343,26.812754941050592,Low
V863,Saloon,74.73678366989994,281.7243763367243,0.8763186498360503,7.963578719972523,Low
V864,Truck,69.2271556629729,778.5252685989252,13.778392137271867,20.930551454431722,High
V865,Saloon,70.35831603857405,161.66086320947636,0.7428845099483206,12.264817744451936,Low
V866,Hybrid,99.86496334061204,118.41747423554652,1.032092835095319,7.804929167841267,High
V867,Coupe,76.90877070371207,177.8219842709825,0.7977907866256224,11.872744114248412,Low
V868,Hybrid,79.58141637582847,116.08802102346965,1.472350203211769,5.430124030915513,High
V869,Truck,80.68616718611136,758.3527670155818,16.48765386159386,34.31848893288216,Medium
V870,Coupe,79.08593886219779,100.7090760012672,1.0221680807345366,13.817366474211866,High
V871,Saloon,74.08770674534259,114.66363462255319,0.6902360338256281,10.133939604498226,High
V872,Coupe,79.7596489063291,149.52947853352148,0.550597122593508,8.585653052845338,Low
V873,SUV,93.14196826903407,317.8533797237307,4.551695714481769,15.769816124176819,Low
V874,Coupe,90.72885122340674,162.5722574900009,0.9483346718249053,8.792802846311918,Low
V875,SUV,93.9510336187948,458.60834543974806,2.887094189243772,12.963258018998001,Low
V876,Coupe,78.6081674210812,38.77464916771789,0.8193257812101826,13.956798241615296,Low
V877,SUV,64.8369243101761,472.8058650613246,4.142967661058186,15.866239182836626,Low
V878,Truck,81.42193354694953,156.1307297684793,14.768388777331243,29.45139690292495,Medium
V879,Hybrid,89.71917436709735,198.03269441182425,0.9156038745700994,11.586161186914431,High
V880,Saloon,57.46075048585222,265.0374132139226,1.9564103744069279,8.417228185781005,High
V881,Coupe,113.32396385222711,17.654248567819707,0.7865073901669859,13.16283299197674,High
V882,Hybrid,74.83871355457805,234.62493957965427,1.508376030941292,8.36894565853466,Medium
V883,Saloon,98.58050217595336,286.1491898672345,0.5330992230234363,14.86017017804831,High
V884,Saloon,55.16792834382082,248.02829819525317,0.9205021288271187,8.057437262030973,Medium
V885,SUV,86.3913383828301,339.78046075142606,2.8333314575821626,10.545654082826989,Medium
V886,Truck,69.97305698293583,731.6822932774724,13.832153659472517,23.244991664462404,Medium
V887,Truck,62.12886729664077,133.8538977341466,18.20487584480275,32.3951121642528,High
V888,Hybrid,75.2800278057777,94.74469334521348,1.699675046668675,8.88280917351857,Medium
V889,Truck,81.29661542750081,542.0211548081145,17.844054732127972,28.9784448982664,High
V890,Coupe,94.84846409293998,192.00971338596614,0.9493365898546136,14.050895185405384,High
V891,Truck,51.024381970737466,537.9555525990936,15.716076494829439,22.772575969205374,Low
V892,Hybrid,43.575225841188626,155.04623673154506,1.6455384040254808,8.663809596454058,Low
V893,Truck,51.338631265982286,566.5653836851245,10.801057266096022,26.62750557202932,Medium
V894,Coupe,79.8020055039052,45.04721970137784,0.5427527389898443,11.867070570439779,Medium
V895,SUV,63.06901233722386,229.00704841809417,3.290976064901453,14.832942849663251,High
V896,Hybrid,62.96704602418244,211.3951859369806,0.7179900386307562,8.539877206469619,Medium
V897,SUV,63.72248501739326,82.02005549505938,3.508530473869837,15.66018424887821,Medium
V898,SUV,112.68201077066742,301.04315404703294,4.859268571416976,10.486948483999297,High
V899,SUV,65.88046108684446,69.82963770667163,2.14846897616739,15.41270110941678,Medium
V900,Saloon,88.73433088564568,32.76384422562727,1.9189563347683989,13.73732301320305,Medium
V901,Saloon,67.79674892942559,41.61250846341103,0.754830609828586,8.015555310039781,High
V902,SUV,67.39702675793681,283.3527598995803,2.360466048726901,13.581397165291445,High
V903,Hybrid,99.37032000305935,174.23541974208274,1.923471000570502,5.997895885231809,Low
V904,Coupe,92.92836848995415,115.39904262364732,0.3921096742664856,8.041874436279578,High
V905,Coupe,110.22606002781505,131.94570819227272,0.7929465719995341,12.896440760320326,Low
V906,Truck,60.772150029604475,116.8035313914222,13.353716062174623,22.656233830959348,Medium
V907,Hybrid,45.905451346082124,239.61290413344395,1.3990395875632484,10.100593989656218,High
V908,Saloon,68.92182459596705,130.08119625832427,0.8553859908450852,7.775725367723398,High
V909,SUV,70.74189824649503,408.88132038341865,3.8714103181432153,15.46928875985477,High
V910,Truck,63.75449364333841,745.7039985592871,10.727349477786683,24.20901219856874,Medium
V911,Coupe,90.99627121424284,158.6609043204297,1.4910175441943656,10.40670514757153,Low
V912,Saloon,102.45844004822484,252.57437292090157,0.8369860964626499,10.194660641593781,Medium
V913,Saloon,74.58037215755115,293.90178718743635,0.7713378520683475,13.393263768838256,Medium
V914,SUV,80.0515628503866,378.89165559927216,2.97003851503482,15.7835976311654,High
V915,Coupe,119.95670639956786,162.791457346938,1.3397078202476402,8.59617325344659,Low
V916,Hybrid,81.5230331823847,43.59697041322309,1.1237278520276166,8.84011890538282,Medium
V917,Saloon,74.16436908480985,165.49126922484209,1.9947894631979288,8.081738509702838,High
V918,SUV,100.52736272018554,228.20043487352686,1.9655342961756508,11.587367633743096,Medium
V919,Hybrid,96.95638637473701,221.10435921082288,1.8605629406225328,11.940729430791706,Medium
V920,Coupe,82.49892340051107,77.53347409917173,1.10306283590984,12.838025398606472,High
V921,Saloon,75.10337200270001,120.18714981396606,1.3906709479151784,11.604747429120657,High
V922,Hybrid,49.687470043854404,123.21756100442538,1.3302076643147749,8.992008571119733,Low
V923,Hybrid,52.60643157474111,188.14513414054883,0.5377986422316045,7.483822988802139,Medium
V924,Hybrid,86.81275891213801,145.33430105329657,0.8917436487662904,9.864671835401335,High
V925,Saloon,84.0434566493644,242.94821064778841,1.602537779284735,11.880863376289877,High
V926,Saloon,79.29066051864885,57.29099518690656,0.8919995268280756,10.352795783336681,Low
V927,Truck,69.96496435031943,459.59549865071335,12.881845259595295,20.09696536684566,Low
V928,Coupe,99.77435331404884,64.26893782682619,1.181529960852642,8.239462652704836,High
V929,SUV,95.08966867834745,473.6634068777294,2.1104324348902486,14.716494907505954,Low
V930,Hybrid,45.48531950902829,160.16365894272462,1.3257975208943384,7.851558669489826,High
V931,Truck,66.06885107368706,727.6022609283071,11.96294302311067,20.33846767558021,Medium
V932,SUV,111.69989308194606,309.7026870745579,4.617304594116448,15.969452234131726,Low
V933,Truck,80.50805449798511,400.77135434860355,17.49859931288269,33.695622003347836,Medium
V934,Saloon,84.32737782333237,70.61984215746628,0.9031964225452973,8.589156615179245,Medium
V935,Hybrid,54.81142165574397,83.53970784424872,1.3327006801297827,9.11594140624683,Medium
V936,SUV,85.58998483451167,326.93935091937595,1.7855122396397807,10.877882370581599,High
V937,SUV,70.30976762145951,283.13487411815515,2.2489813754440977,12.832844034925774,Medium
V938,SUV,84.01877017037964,415.3397558046709,1.5485174756950104,16.493788202366225,Medium
V939,SUV,100.13259186244112,409.39510116048643,4.764635286711096,10.201378489492898,Medium
V940,SUV,69.22702233079298,448.7770823251969,3.104814967654554,15.645906389334634,High
V941,Truck,73.15136018615738,575.3466231469462,19.317404033165083,34.95424126117504,Medium
V942,Hybrid,83.20944765585642,78.9330902092362,1.8196286034415154,5.3445464017853315,Medium
V943,Saloon,63.86485117246977,271.26800088984015,0.8842872716590324,8.765208476973989,Low
V944,Saloon,58.287517588414836,260.5512921411366,1.2500873887866302,12.399145624433238,High
V945,Saloon,64.34398304450178,232.25131788314062,1.6400083174431477,9.500784199266402,Medium
V946,Saloon,74.64095798061697,78.71327768045623,1.9648415349843564,12.164820616467292,Low
V947,Truck,86.72719403577577,312.3698805403932,17.818909129968898,31.48787965827113,High
V948,Coupe,111.4993391119925,193.47140530069208,0.7722664033275786,9.307173235897572,High
V949,Hybrid,80.30253155464365,185.03435211452947,1.362590860188222,6.4477252519337735,High
V950,SUV,90.26735650016133,190.48538145610823,2.996132848583412,16.45218575844664,High
V951,Coupe,114.71288456145007,54.12269127125519,0.786390432776344,10.691615709916292,High
V952,Saloon,61.91789683171215,239.34842159883473,1.8638790416554887,9.961857485476614,High
V953,Coupe,115.07673546242602,180.4291049792381,1.3153490526362779,9.828133885392258,Medium
V954,Hybrid,97.37751289080168,100.40234570307099,1.0088609917607545,5.437019290944463,Medium
V955,SUV,89.17041924629298,99.05612703841791,2.369889373245991,13.169426217672815,Medium
V956,SUV,108.52957940950104,443.9698926781534,2.558632111115144,18.58698121244574,Medium
V957,Hybrid,91.43385624218746,193.51622809236966,0.7200426710227723,9.832259928305103,Low
V958,Hybrid,96.70144387483413,173.8097149041177,0.9974252736617509,8.504055222015818,Medium
V959,Saloon,88.74350260106323,162.959714443981,0.6799294125964548,9.496512357216165,High
V960,SUV,108.14376183321795,437.63812074298284,1.9805501145044957,19.523867523987246,Medium
V961,Coupe,89.72935707091656,135.8396103588368,1.2021901751480173,16.119462346378832,Medium
V962,Truck,87.2874851112965,319.0436836201758,18.585064545515543,21.975303551543107,High
V963,Truck,75.25204531767963,619.3844106597901,16.777232412013205,23.784721042027293,Medium
V964,Hybrid,92.3825888209122,50.5260312088948,0.5804521872812463,10.022254934283385,Medium
V965,Saloon,78.52854291396402,257.7474455884293,1.0750957115873885,8.346228708061702,Medium
V966,Truck,81.82210962349349,484.23674214805015,11.891957923903549,30.805759978796686,Low
V967,SUV,90.66681830937003,321.94084200814393,3.1131441837230365,18.287089838180066,Medium
V968,Hybrid,89.77376294098299,180.25331723785268,0.6581020660946935,10.871977033328482,High
V969,Coupe,110.26077883197459,142.4345915408169,0.7355794084846459,16.792795561570067,High
V970,Hybrid,83.52229601409144,37.021711967006674,1.111667051609244,11.204662533720992,Medium
V971,Coupe,72.83180210184274,192.6691577319894,1.1149950819834753,14.313759776433766,Medium
V972,Hybrid,56.23355538927949,69.7100292974025,1.9130873292328932,7.08790717963886,Medium
V973,Hybrid,86.53031780313997,104.349231569699,0.7088811061770559,5.075007083867512,High
V974,Hybrid,72.65544022091504,244.18691645174385,1.0537042907138068,7.500346337951314,High
V975,Coupe,90.64549707096653,108.9033290879231,0.8287978601091521,16.799146267270146,Low
V976,Coupe,100.33124750340941,106.47398925582807,0.4660459136646679,17.827395409103858,Low
V977,Hybrid,54.99837345212978,27.60737619030464,1.4947193734628132,9.16756459109811,Low
V978,Truck,60.75728269963729,395.5345637164746,17.850639210464312,22.935689601494737,High
V979,Saloon,99.21519913669339,201.6491918906051,1.1284546606692865,10.664228932670948,Low
V980,Saloon,65.39883243116574,230.59201315515296,1.2693121134579015,9.566836341998748,Medium
V981,Saloon,85.76300694565701,298.8056465743704,1.1528934194848308,14.365531206228956,Medium
V982,Coupe,90.70101039547396,20.39921431574732,0.5450905276421146,12.186951433276842,High
V983,Coupe,83.17809571567415,10.043137261468551,1.3980018452970326,16.43879411230929,Low
V984,Truck,77.11461157434735,217.47021695222003,11.20363576209986,21.01407124208575,Medium
V985,Saloon,93.44175132637528,280.0662289926079,1.1458037313695555,7.953125375968385,High
V986,Saloon,80.7435692439264,117.67293408841644,1.0622373865249966,11.970644993245658,Low
V987,Hybrid,83.12308679573215,36.5448637295586,0.5533853462097146,11.960312118800005,Medium
V988,Coupe,83.96370093493312,20.227799732607224,0.5278503949151039,8.389578463484643,Low
V989,Saloon,73.5086536770303,244.6724996463708,1.011866674636581,10.553467255026932,High
V990,Truck,73.77933867837194,456.22584904891613,18.61445686021324,32.99053512568635,Low
V991,Truck,40.49553477455768,644.6324145382395,14.607336002416739,34.83260811955495,High
V992,Saloon,78.99392455252611,296.3308647087233,1.631854041808605,8.988839076906451,Low
V993,Coupe,102.30369875721746,198.50577150093073,1.3290367293023084,8.973668937912212,Medium
V994,Truck,75.3185998404998,341.9057101095691,10.069822618803482,26.052214535404993,High
V995,Hybrid,54.085265303498275,206.52862492491317,1.0059959132686482,10.79266585767672,High
V996,Truck,40.029896941739764,315.4734050182834,12.41165214307762,23.503510416029165,High
V997,SUV,64.09119718592777,134.20592168472578,3.4444234945996697,12.913610728377446,Low
V998,SUV,85.04368693974888,219.59009615623484,4.565667237499631,19.052989990105154,Low
V999,Coupe,99.5774182993516,72.72963055996485,0.42816084480283634,17.53402879382095,Medium
V1000,Saloon,53.61361669401785,103.34207771911852,0.9470993017550062,9.56321028912172,High
